step,train_loss,val_loss,val_perplexity,learning_rate,tokens_per_sec,avg_seq_len,total_tokens,grad_norm,timestamp
0,11.407187,N/A,N/A,2.50e-07,0.00,2048.00,16384,N/A,2025-08-04 17:42:53
1,11.402163,N/A,N/A,5.00e-07,1090.42,2048.00,32768,N/A,2025-08-04 17:43:23
2,11.020544,N/A,N/A,7.50e-07,1605.00,2048.00,49152,N/A,2025-08-04 17:43:23
3,11.014784,N/A,N/A,1.00e-06,2100.94,2048.00,65536,N/A,2025-08-04 17:43:24
4,11.432888,N/A,N/A,1.25e-06,2578.98,2048.00,81920,N/A,2025-08-04 17:43:24
5,11.417868,N/A,N/A,1.50e-06,3040.47,2048.00,98304,N/A,2025-08-04 17:43:25
6,11.567057,N/A,N/A,1.75e-06,3485.91,2048.00,114688,N/A,2025-08-04 17:43:25
7,11.559020,N/A,N/A,2.00e-06,3915.94,2048.00,131072,N/A,2025-08-04 17:43:26
8,11.367283,N/A,N/A,2.25e-06,4331.66,2048.00,147456,N/A,2025-08-04 17:43:27
9,11.350418,N/A,N/A,2.50e-06,4732.83,2048.00,163840,N/A,2025-08-04 17:43:27
10,11.253723,N/A,N/A,2.75e-06,31545.50,2048.00,180224,3.7420,2025-08-04 17:43:28
11,11.235246,N/A,N/A,3.00e-06,31572.24,2048.00,196608,N/A,2025-08-04 17:43:28
12,11.215589,N/A,N/A,3.25e-06,31574.99,2048.00,212992,N/A,2025-08-04 17:43:29
13,11.234780,N/A,N/A,3.50e-06,31591.22,2048.00,229376,N/A,2025-08-04 17:43:30
14,11.434004,N/A,N/A,3.75e-06,31588.50,2048.00,245760,N/A,2025-08-04 17:43:30
15,11.397467,N/A,N/A,4.00e-06,31587.82,2048.00,262144,N/A,2025-08-04 17:43:31
16,11.312618,N/A,N/A,4.25e-06,31597.33,2048.00,278528,N/A,2025-08-04 17:43:31
17,11.306437,N/A,N/A,4.50e-06,31609.41,2048.00,294912,N/A,2025-08-04 17:43:32
18,11.138760,N/A,N/A,4.75e-06,31654.79,2048.00,311296,N/A,2025-08-04 17:43:32
19,11.149840,N/A,N/A,5.00e-06,32001.31,2048.00,327680,N/A,2025-08-04 17:43:33
20,11.226863,N/A,N/A,5.25e-06,31751.64,2048.00,344064,2.0850,2025-08-04 17:43:34
21,11.215971,N/A,N/A,5.50e-06,31728.30,2048.00,360448,N/A,2025-08-04 17:43:34
22,11.277538,N/A,N/A,5.75e-06,31403.42,2048.00,376832,N/A,2025-08-04 17:43:35
23,11.293706,N/A,N/A,6.00e-06,31286.86,2048.00,393216,N/A,2025-08-04 17:43:35
24,11.224213,N/A,N/A,6.25e-06,30743.59,2048.00,409600,N/A,2025-08-04 17:43:36
25,11.217892,N/A,N/A,6.50e-06,30266.54,2048.00,425984,N/A,2025-08-04 17:43:37
26,11.331615,N/A,N/A,6.75e-06,29766.99,2048.00,442368,N/A,2025-08-04 17:43:37
27,11.360596,N/A,N/A,7.00e-06,29611.59,2048.00,458752,N/A,2025-08-04 17:43:38
28,11.236305,N/A,N/A,7.25e-06,29133.47,2048.00,475136,N/A,2025-08-04 17:43:39
29,11.262052,N/A,N/A,7.50e-06,28909.73,2048.00,491520,N/A,2025-08-04 17:43:39
30,11.554368,N/A,N/A,7.75e-06,28472.01,2048.00,507904,1.6050,2025-08-04 17:43:40
31,11.593639,N/A,N/A,8.00e-06,28466.68,2048.00,524288,N/A,2025-08-04 17:43:41
32,11.749352,N/A,N/A,8.25e-06,28289.19,2048.00,540672,N/A,2025-08-04 17:43:41
33,11.785646,N/A,N/A,8.50e-06,28482.01,2048.00,557056,N/A,2025-08-04 17:43:42
34,11.415265,N/A,N/A,8.75e-06,28638.69,2048.00,573440,N/A,2025-08-04 17:43:42
35,11.415025,N/A,N/A,9.00e-06,28827.73,2048.00,589824,N/A,2025-08-04 17:43:43
36,11.595440,N/A,N/A,9.25e-06,28706.94,2048.00,606208,N/A,2025-08-04 17:43:44
37,11.599482,N/A,N/A,9.50e-06,28895.33,2048.00,622592,N/A,2025-08-04 17:43:44
38,11.343613,N/A,N/A,9.75e-06,29038.92,2048.00,638976,N/A,2025-08-04 17:43:45
39,11.331719,N/A,N/A,1.00e-05,29395.06,2048.00,655360,N/A,2025-08-04 17:43:45
40,11.401411,N/A,N/A,1.03e-05,29254.61,2048.00,671744,1.8422,2025-08-04 17:43:46
41,11.415073,N/A,N/A,1.05e-05,29359.55,2048.00,688128,N/A,2025-08-04 17:43:47
42,11.744348,N/A,N/A,1.08e-05,29455.31,2048.00,704512,N/A,2025-08-04 17:43:47
43,11.787509,N/A,N/A,1.10e-05,29553.43,2048.00,720896,N/A,2025-08-04 17:43:48
44,12.037939,N/A,N/A,1.12e-05,29636.38,2048.00,737280,N/A,2025-08-04 17:43:49
45,12.095516,N/A,N/A,1.15e-05,29745.41,2048.00,753664,N/A,2025-08-04 17:43:49
46,11.587307,N/A,N/A,1.17e-05,29797.85,2048.00,770048,N/A,2025-08-04 17:43:50
47,11.621434,N/A,N/A,1.20e-05,29589.73,2048.00,786432,N/A,2025-08-04 17:43:50
48,11.850641,N/A,N/A,1.23e-05,29206.81,2048.00,802816,N/A,2025-08-04 17:43:51
49,11.897561,N/A,N/A,1.25e-05,29123.74,2048.00,819200,N/A,2025-08-04 17:43:52
50,11.549799,N/A,N/A,1.28e-05,28633.96,2048.00,835584,1.0005,2025-08-04 17:43:52
51,11.564985,N/A,N/A,1.30e-05,28475.83,2048.00,851968,N/A,2025-08-04 17:43:53
52,12.141420,N/A,N/A,1.33e-05,28511.35,2048.00,868352,N/A,2025-08-04 17:43:54
53,12.143269,N/A,N/A,1.35e-05,28670.15,2048.00,884736,N/A,2025-08-04 17:43:54
54,11.614306,N/A,N/A,1.38e-05,28540.82,2048.00,901120,N/A,2025-08-04 17:43:55
55,11.605052,N/A,N/A,1.40e-05,28607.80,2048.00,917504,N/A,2025-08-04 17:43:55
56,12.502850,N/A,N/A,1.43e-05,28875.25,2048.00,933888,N/A,2025-08-04 17:43:56
57,12.513442,N/A,N/A,1.45e-05,29360.75,2048.00,950272,N/A,2025-08-04 17:43:57
58,12.417936,N/A,N/A,1.48e-05,29652.62,2048.00,966656,N/A,2025-08-04 17:43:57
59,12.429677,N/A,N/A,1.50e-05,30184.21,2048.00,983040,N/A,2025-08-04 17:43:58
60,12.340309,N/A,N/A,1.52e-05,30210.36,2048.00,999424,0.7314,2025-08-04 17:43:58
61,12.337272,N/A,N/A,1.55e-05,30176.76,2048.00,1015808,N/A,2025-08-04 17:43:59
62,12.433482,N/A,N/A,1.57e-05,30026.47,2048.00,1032192,N/A,2025-08-04 17:44:00
63,12.419664,N/A,N/A,1.60e-05,30160.38,2048.00,1048576,N/A,2025-08-04 17:44:00
64,12.243099,N/A,N/A,1.63e-05,30227.86,2048.00,1064960,N/A,2025-08-04 17:44:01
65,12.828182,N/A,N/A,1.65e-05,30361.38,2048.00,1081344,N/A,2025-08-04 17:44:01
66,12.956073,N/A,N/A,1.68e-05,30334.69,2048.00,1097728,N/A,2025-08-04 17:44:02
67,12.354935,N/A,N/A,1.70e-05,30544.46,2048.00,1114112,N/A,2025-08-04 17:44:03
68,11.855821,N/A,N/A,1.73e-05,30563.00,2048.00,1130496,N/A,2025-08-04 17:44:03
69,12.309438,N/A,N/A,1.75e-05,30782.89,2048.00,1146880,N/A,2025-08-04 17:44:04
70,11.738516,N/A,N/A,1.78e-05,30771.66,2048.00,1163264,0.7462,2025-08-04 17:44:04
71,12.181693,N/A,N/A,1.80e-05,30815.22,2048.00,1179648,N/A,2025-08-04 17:44:05
72,12.107121,N/A,N/A,1.82e-05,30999.74,2048.00,1196032,N/A,2025-08-04 17:44:06
73,12.387443,N/A,N/A,1.85e-05,30848.33,2048.00,1212416,N/A,2025-08-04 17:44:06
74,12.174840,N/A,N/A,1.87e-05,30793.88,2048.00,1228800,N/A,2025-08-04 17:44:07
75,12.304679,N/A,N/A,1.90e-05,30577.00,2048.00,1245184,N/A,2025-08-04 17:44:07
76,12.671112,N/A,N/A,1.93e-05,30379.98,2048.00,1261568,N/A,2025-08-04 17:44:08
77,12.213134,N/A,N/A,1.95e-05,30392.16,2048.00,1277952,N/A,2025-08-04 17:44:09
78,11.360756,N/A,N/A,1.97e-05,30379.88,2048.00,1294336,N/A,2025-08-04 17:44:09
79,12.177719,N/A,N/A,2.00e-05,30557.23,2048.00,1310720,N/A,2025-08-04 17:44:10
80,12.077105,N/A,N/A,2.03e-05,30246.19,2048.00,1327104,0.7482,2025-08-04 17:44:10
81,12.131574,N/A,N/A,2.05e-05,30153.70,2048.00,1343488,N/A,2025-08-04 17:44:11
82,12.513664,N/A,N/A,2.07e-05,30102.11,2048.00,1359872,N/A,2025-08-04 17:44:12
83,11.794333,N/A,N/A,2.10e-05,30041.10,2048.00,1376256,N/A,2025-08-04 17:44:12
84,12.278236,N/A,N/A,2.13e-05,30135.95,2048.00,1392640,N/A,2025-08-04 17:44:13
85,12.319113,N/A,N/A,2.15e-05,30141.55,2048.00,1409024,N/A,2025-08-04 17:44:13
86,12.591457,N/A,N/A,2.18e-05,30097.15,2048.00,1425408,N/A,2025-08-04 17:44:14
87,12.955737,N/A,N/A,2.20e-05,30052.44,2048.00,1441792,N/A,2025-08-04 17:44:15
88,12.068727,N/A,N/A,2.22e-05,29896.47,2048.00,1458176,N/A,2025-08-04 17:44:15
89,12.626730,N/A,N/A,2.25e-05,30179.64,2048.00,1474560,N/A,2025-08-04 17:44:16
90,12.616160,N/A,N/A,2.28e-05,30092.33,2048.00,1490944,0.6266,2025-08-04 17:44:16
91,11.994295,N/A,N/A,2.30e-05,30152.20,2048.00,1507328,N/A,2025-08-04 17:44:17
92,12.326114,N/A,N/A,2.32e-05,30084.59,2048.00,1523712,N/A,2025-08-04 17:44:18
93,12.767761,N/A,N/A,2.35e-05,30031.45,2048.00,1540096,N/A,2025-08-04 17:44:18
94,12.570051,N/A,N/A,2.38e-05,30006.92,2048.00,1556480,N/A,2025-08-04 17:44:19
95,12.334471,N/A,N/A,2.40e-05,30107.78,2048.00,1572864,N/A,2025-08-04 17:44:19
96,12.816067,N/A,N/A,2.42e-05,30062.04,2048.00,1589248,N/A,2025-08-04 17:44:20
97,12.449945,N/A,N/A,2.45e-05,30024.73,2048.00,1605632,N/A,2025-08-04 17:44:21
98,11.562838,N/A,N/A,2.48e-05,30011.20,2048.00,1622016,N/A,2025-08-04 17:44:21
99,12.076181,N/A,N/A,2.50e-05,29979.00,2048.00,1638400,N/A,2025-08-04 17:44:22
100,12.209735,N/A,N/A,2.53e-05,29809.16,2048.00,1654784,0.7598,2025-08-04 17:44:23
101,12.273386,N/A,N/A,2.55e-05,15652.52,2048.00,1671168,N/A,2025-08-04 17:44:28
102,11.369523,N/A,N/A,2.58e-05,15660.79,2048.00,1687552,N/A,2025-08-04 17:44:29
103,12.005939,N/A,N/A,2.60e-05,15674.41,2048.00,1703936,N/A,2025-08-04 17:44:29
104,11.749309,N/A,N/A,2.62e-05,15675.24,2048.00,1720320,N/A,2025-08-04 17:44:30
105,11.689777,N/A,N/A,2.65e-05,15735.46,2048.00,1736704,N/A,2025-08-04 17:44:31
106,12.234896,N/A,N/A,2.67e-05,15695.14,2048.00,1753088,N/A,2025-08-04 17:44:31
107,12.151236,N/A,N/A,2.70e-05,15658.67,2048.00,1769472,N/A,2025-08-04 17:44:32
108,12.428628,N/A,N/A,2.72e-05,15691.76,2048.00,1785856,N/A,2025-08-04 17:44:32
109,12.548773,N/A,N/A,2.75e-05,15726.79,2048.00,1802240,N/A,2025-08-04 17:44:33
110,11.542797,N/A,N/A,2.78e-05,30098.96,2048.00,1818624,0.4819,2025-08-04 17:44:34
111,10.684357,N/A,N/A,2.80e-05,30261.80,2048.00,1835008,N/A,2025-08-04 17:44:34
112,11.846004,N/A,N/A,2.83e-05,30155.85,2048.00,1851392,N/A,2025-08-04 17:44:35
113,11.518095,N/A,N/A,2.85e-05,29933.61,2048.00,1867776,N/A,2025-08-04 17:44:35
114,11.303568,N/A,N/A,2.88e-05,29839.19,2048.00,1884160,N/A,2025-08-04 17:44:36
115,12.487807,N/A,N/A,2.90e-05,29901.33,2048.00,1900544,N/A,2025-08-04 17:44:37
116,12.027493,N/A,N/A,2.93e-05,30100.77,2048.00,1916928,N/A,2025-08-04 17:44:37
117,11.794235,N/A,N/A,2.95e-05,30059.95,2048.00,1933312,N/A,2025-08-04 17:44:38
118,11.274834,N/A,N/A,2.98e-05,30235.65,2048.00,1949696,N/A,2025-08-04 17:44:38
119,12.353580,N/A,N/A,3.00e-05,30267.21,2048.00,1966080,N/A,2025-08-04 17:44:39
120,12.412047,N/A,N/A,3.03e-05,29660.50,2048.00,1982464,0.4803,2025-08-04 17:44:40
121,12.125642,N/A,N/A,3.05e-05,29834.61,2048.00,1998848,N/A,2025-08-04 17:44:40
122,12.249526,N/A,N/A,3.08e-05,29815.44,2048.00,2015232,N/A,2025-08-04 17:44:41
123,12.247255,N/A,N/A,3.10e-05,29660.49,2048.00,2031616,N/A,2025-08-04 17:44:42
124,12.125731,N/A,N/A,3.13e-05,29788.20,2048.00,2048000,N/A,2025-08-04 17:44:42
125,11.895744,N/A,N/A,3.15e-05,29875.38,2048.00,2064384,N/A,2025-08-04 17:44:43
126,12.219738,N/A,N/A,3.17e-05,29730.48,2048.00,2080768,N/A,2025-08-04 17:44:43
127,12.211769,N/A,N/A,3.20e-05,29521.24,2048.00,2097152,N/A,2025-08-04 17:44:44
128,11.599263,N/A,N/A,3.22e-05,29625.23,2048.00,2113536,N/A,2025-08-04 17:44:45
129,12.284139,N/A,N/A,3.25e-05,29900.93,2048.00,2129920,N/A,2025-08-04 17:44:45
130,12.247366,N/A,N/A,3.28e-05,29682.42,2048.00,2146304,0.5420,2025-08-04 17:44:46
131,12.090540,N/A,N/A,3.30e-05,29999.16,2048.00,2162688,N/A,2025-08-04 17:44:46
132,13.011071,N/A,N/A,3.33e-05,30216.14,2048.00,2179072,N/A,2025-08-04 17:44:47
133,12.261876,N/A,N/A,3.35e-05,29895.77,2048.00,2195456,N/A,2025-08-04 17:44:48
134,11.871769,N/A,N/A,3.38e-05,29621.16,2048.00,2211840,N/A,2025-08-04 17:44:48
135,12.164388,N/A,N/A,3.40e-05,29780.27,2048.00,2228224,N/A,2025-08-04 17:44:49
136,11.946051,N/A,N/A,3.43e-05,29820.44,2048.00,2244608,N/A,2025-08-04 17:44:49
137,12.266436,N/A,N/A,3.45e-05,29888.15,2048.00,2260992,N/A,2025-08-04 17:44:50
138,11.799113,N/A,N/A,3.48e-05,30190.72,2048.00,2277376,N/A,2025-08-04 17:44:51
139,12.484189,N/A,N/A,3.50e-05,30450.25,2048.00,2293760,N/A,2025-08-04 17:44:51
140,12.616335,N/A,N/A,3.53e-05,30302.24,2048.00,2310144,0.4583,2025-08-04 17:44:52
141,12.578341,N/A,N/A,3.55e-05,30320.97,2048.00,2326528,N/A,2025-08-04 17:44:52
142,12.232183,N/A,N/A,3.58e-05,30810.97,2048.00,2342912,N/A,2025-08-04 17:44:53
143,12.025924,N/A,N/A,3.60e-05,31107.16,2048.00,2359296,N/A,2025-08-04 17:44:54
144,11.602358,N/A,N/A,3.63e-05,31211.69,2048.00,2375680,N/A,2025-08-04 17:44:54
145,11.227551,N/A,N/A,3.65e-05,31478.80,2048.00,2392064,N/A,2025-08-04 17:44:55
146,11.975725,N/A,N/A,3.67e-05,31509.12,2048.00,2408448,N/A,2025-08-04 17:44:55
147,11.520044,N/A,N/A,3.70e-05,31492.81,2048.00,2424832,N/A,2025-08-04 17:44:56
148,11.755167,N/A,N/A,3.72e-05,31533.54,2048.00,2441216,N/A,2025-08-04 17:44:56
149,11.960428,N/A,N/A,3.75e-05,31657.81,2048.00,2457600,N/A,2025-08-04 17:44:57
150,11.418067,N/A,N/A,3.77e-05,31505.97,2048.00,2473984,0.6614,2025-08-04 17:44:58
151,11.394061,N/A,N/A,3.80e-05,31478.30,2048.00,2490368,N/A,2025-08-04 17:44:58
152,12.262066,N/A,N/A,3.83e-05,31472.39,2048.00,2506752,N/A,2025-08-04 17:44:59
153,11.269499,N/A,N/A,3.85e-05,31471.67,2048.00,2523136,N/A,2025-08-04 17:44:59
154,10.762156,N/A,N/A,3.87e-05,31474.20,2048.00,2539520,N/A,2025-08-04 17:45:00
155,11.694304,N/A,N/A,3.90e-05,31477.09,2048.00,2555904,N/A,2025-08-04 17:45:00
156,11.192309,N/A,N/A,3.92e-05,31506.55,2048.00,2572288,N/A,2025-08-04 17:45:01
157,10.899710,N/A,N/A,3.95e-05,31530.97,2048.00,2588672,N/A,2025-08-04 17:45:02
158,11.178474,N/A,N/A,3.98e-05,31536.57,2048.00,2605056,N/A,2025-08-04 17:45:02
159,11.474604,N/A,N/A,4.00e-05,31695.03,2048.00,2621440,N/A,2025-08-04 17:45:03
160,11.696115,N/A,N/A,4.03e-05,31547.61,2048.00,2637824,0.4701,2025-08-04 17:45:03
161,11.062037,N/A,N/A,4.05e-05,31454.09,2048.00,2654208,N/A,2025-08-04 17:45:04
162,11.403336,N/A,N/A,4.08e-05,31242.85,2048.00,2670592,N/A,2025-08-04 17:45:05
163,10.253035,N/A,N/A,4.10e-05,31034.28,2048.00,2686976,N/A,2025-08-04 17:45:05
164,11.304334,N/A,N/A,4.12e-05,30652.60,2048.00,2703360,N/A,2025-08-04 17:45:06
165,11.528673,N/A,N/A,4.15e-05,30379.09,2048.00,2719744,N/A,2025-08-04 17:45:06
166,11.613080,N/A,N/A,4.18e-05,30237.44,2048.00,2736128,N/A,2025-08-04 17:45:07
167,11.237621,N/A,N/A,4.20e-05,29951.52,2048.00,2752512,N/A,2025-08-04 17:45:08
168,10.491537,N/A,N/A,4.23e-05,29889.28,2048.00,2768896,N/A,2025-08-04 17:45:08
169,11.692338,N/A,N/A,4.25e-05,30022.59,2048.00,2785280,N/A,2025-08-04 17:45:09
170,10.995080,N/A,N/A,4.28e-05,29809.14,2048.00,2801664,0.4576,2025-08-04 17:45:09
171,12.145765,N/A,N/A,4.30e-05,29691.79,2048.00,2818048,N/A,2025-08-04 17:45:10
172,12.109184,N/A,N/A,4.33e-05,29699.04,2048.00,2834432,N/A,2025-08-04 17:45:11
173,12.398153,N/A,N/A,4.35e-05,29844.08,2048.00,2850816,N/A,2025-08-04 17:45:11
174,10.875906,N/A,N/A,4.38e-05,29849.47,2048.00,2867200,N/A,2025-08-04 17:45:12
175,11.797892,N/A,N/A,4.40e-05,29965.69,2048.00,2883584,N/A,2025-08-04 17:45:12
176,10.555412,N/A,N/A,4.42e-05,30272.26,2048.00,2899968,N/A,2025-08-04 17:45:13
177,11.311213,N/A,N/A,4.45e-05,30334.49,2048.00,2916352,N/A,2025-08-04 17:45:14
178,11.928578,N/A,N/A,4.47e-05,30222.78,2048.00,2932736,N/A,2025-08-04 17:45:14
179,11.991610,N/A,N/A,4.50e-05,30334.77,2048.00,2949120,N/A,2025-08-04 17:45:15
180,11.732183,N/A,N/A,4.52e-05,30169.83,2048.00,2965504,0.4230,2025-08-04 17:45:15
181,11.128656,N/A,N/A,4.55e-05,30199.95,2048.00,2981888,N/A,2025-08-04 17:45:16
182,10.790587,N/A,N/A,4.58e-05,30186.97,2048.00,2998272,N/A,2025-08-04 17:45:17
183,10.841476,N/A,N/A,4.60e-05,30279.17,2048.00,3014656,N/A,2025-08-04 17:45:17
184,10.475368,N/A,N/A,4.62e-05,30263.15,2048.00,3031040,N/A,2025-08-04 17:45:18
185,11.467547,N/A,N/A,4.65e-05,30263.02,2048.00,3047424,N/A,2025-08-04 17:45:18
186,10.601943,N/A,N/A,4.67e-05,30266.41,2048.00,3063808,N/A,2025-08-04 17:45:19
187,12.345280,N/A,N/A,4.70e-05,30386.12,2048.00,3080192,N/A,2025-08-04 17:45:20
188,11.688026,N/A,N/A,4.73e-05,30574.75,2048.00,3096576,N/A,2025-08-04 17:45:20
189,11.140149,N/A,N/A,4.75e-05,31071.79,2048.00,3112960,N/A,2025-08-04 17:45:21
190,11.949484,N/A,N/A,4.78e-05,31095.13,2048.00,3129344,0.5332,2025-08-04 17:45:21
191,11.315720,N/A,N/A,4.80e-05,31111.09,2048.00,3145728,N/A,2025-08-04 17:45:22
192,10.949017,N/A,N/A,4.83e-05,30969.20,2048.00,3162112,N/A,2025-08-04 17:45:23
193,11.440577,N/A,N/A,4.85e-05,30888.45,2048.00,3178496,N/A,2025-08-04 17:45:23
194,11.749407,N/A,N/A,4.87e-05,30565.41,2048.00,3194880,N/A,2025-08-04 17:45:24
195,11.928190,N/A,N/A,4.90e-05,30459.04,2048.00,3211264,N/A,2025-08-04 17:45:24
196,10.618587,N/A,N/A,4.93e-05,30325.02,2048.00,3227648,N/A,2025-08-04 17:45:25
197,11.073273,N/A,N/A,4.95e-05,30323.76,2048.00,3244032,N/A,2025-08-04 17:45:26
198,11.799293,N/A,N/A,4.98e-05,30067.31,2048.00,3260416,N/A,2025-08-04 17:45:26
199,11.650536,N/A,N/A,5.00e-05,29915.82,2048.00,3276800,N/A,2025-08-04 17:45:27
200,11.707417,N/A,N/A,5.03e-05,29862.16,2048.00,3293184,0.5284,2025-08-04 17:45:27
201,12.167845,N/A,N/A,5.05e-05,18237.66,2048.00,3309568,N/A,2025-08-04 17:45:32
202,12.277737,N/A,N/A,5.08e-05,18162.27,2048.00,3325952,N/A,2025-08-04 17:45:32
203,11.154924,N/A,N/A,5.10e-05,18241.30,2048.00,3342336,N/A,2025-08-04 17:45:33
204,12.172781,N/A,N/A,5.13e-05,18177.56,2048.00,3358720,N/A,2025-08-04 17:45:33
205,12.240294,N/A,N/A,5.15e-05,18197.85,2048.00,3375104,N/A,2025-08-04 17:45:34
206,11.107433,N/A,N/A,5.18e-05,18110.05,2048.00,3391488,N/A,2025-08-04 17:45:35
207,12.916636,N/A,N/A,5.20e-05,18205.09,2048.00,3407872,N/A,2025-08-04 17:45:35
208,12.588686,N/A,N/A,5.22e-05,18267.23,2048.00,3424256,N/A,2025-08-04 17:45:36
209,12.135796,N/A,N/A,5.25e-05,18244.29,2048.00,3440640,N/A,2025-08-04 17:45:36
210,12.047629,N/A,N/A,5.28e-05,29844.58,2048.00,3457024,0.4114,2025-08-04 17:45:37
211,10.594448,N/A,N/A,5.30e-05,29967.57,2048.00,3473408,N/A,2025-08-04 17:45:38
212,11.994667,N/A,N/A,5.33e-05,29883.66,2048.00,3489792,N/A,2025-08-04 17:45:38
213,11.511553,N/A,N/A,5.35e-05,30160.48,2048.00,3506176,N/A,2025-08-04 17:45:39
214,12.642778,N/A,N/A,5.37e-05,30249.97,2048.00,3522560,N/A,2025-08-04 17:45:39
215,11.426991,N/A,N/A,5.40e-05,30194.64,2048.00,3538944,N/A,2025-08-04 17:45:40
216,10.614658,N/A,N/A,5.43e-05,29896.63,2048.00,3555328,N/A,2025-08-04 17:45:41
217,12.169630,N/A,N/A,5.45e-05,29926.79,2048.00,3571712,N/A,2025-08-04 17:45:41
218,12.179808,N/A,N/A,5.48e-05,29959.08,2048.00,3588096,N/A,2025-08-04 17:45:42
219,11.382575,N/A,N/A,5.50e-05,30196.83,2048.00,3604480,N/A,2025-08-04 17:45:42
220,12.694208,N/A,N/A,5.53e-05,30180.28,2048.00,3620864,0.6399,2025-08-04 17:45:43
221,11.911589,N/A,N/A,5.55e-05,30361.29,2048.00,3637248,N/A,2025-08-04 17:45:44
222,12.603146,N/A,N/A,5.57e-05,30096.80,2048.00,3653632,N/A,2025-08-04 17:45:44
223,12.896894,N/A,N/A,5.60e-05,29956.73,2048.00,3670016,N/A,2025-08-04 17:45:45
224,12.968574,N/A,N/A,5.62e-05,30001.20,2048.00,3686400,N/A,2025-08-04 17:45:46
225,12.860781,N/A,N/A,5.65e-05,30196.12,2048.00,3702784,N/A,2025-08-04 17:45:46
226,12.065125,N/A,N/A,5.68e-05,30087.62,2048.00,3719168,N/A,2025-08-04 17:45:47
227,12.955478,N/A,N/A,5.70e-05,30378.35,2048.00,3735552,N/A,2025-08-04 17:45:47
228,12.259745,N/A,N/A,5.73e-05,30285.49,2048.00,3751936,N/A,2025-08-04 17:45:48
229,11.760831,N/A,N/A,5.75e-05,30290.17,2048.00,3768320,N/A,2025-08-04 17:45:49
230,12.182659,N/A,N/A,5.78e-05,29925.05,2048.00,3784704,0.4405,2025-08-04 17:45:49
231,12.418193,N/A,N/A,5.80e-05,30187.41,2048.00,3801088,N/A,2025-08-04 17:45:50
232,11.396852,N/A,N/A,5.83e-05,30319.09,2048.00,3817472,N/A,2025-08-04 17:45:50
233,13.110262,N/A,N/A,5.85e-05,30571.08,2048.00,3833856,N/A,2025-08-04 17:45:51
234,13.344851,N/A,N/A,5.88e-05,30672.00,2048.00,3850240,N/A,2025-08-04 17:45:51
235,13.278970,N/A,N/A,5.90e-05,30892.55,2048.00,3866624,N/A,2025-08-04 17:45:52
236,11.720512,N/A,N/A,5.93e-05,30888.79,2048.00,3883008,N/A,2025-08-04 17:45:53
237,11.264350,N/A,N/A,5.95e-05,31070.37,2048.00,3899392,N/A,2025-08-04 17:45:53
238,12.495852,N/A,N/A,5.97e-05,31274.71,2048.00,3915776,N/A,2025-08-04 17:45:54
239,13.134066,N/A,N/A,6.00e-05,31662.86,2048.00,3932160,N/A,2025-08-04 17:45:54
240,10.209883,N/A,N/A,6.03e-05,31523.84,2048.00,3948544,0.3603,2025-08-04 17:45:55
241,11.589265,N/A,N/A,6.05e-05,31534.47,2048.00,3964928,N/A,2025-08-04 17:45:55
242,11.928925,N/A,N/A,6.07e-05,31538.21,2048.00,3981312,N/A,2025-08-04 17:45:56
243,11.995653,N/A,N/A,6.10e-05,31551.82,2048.00,3997696,N/A,2025-08-04 17:45:57
244,11.180003,N/A,N/A,6.12e-05,31548.21,2048.00,4014080,N/A,2025-08-04 17:45:57
245,11.222253,N/A,N/A,6.15e-05,31555.52,2048.00,4030464,N/A,2025-08-04 17:45:58
246,11.207140,N/A,N/A,6.17e-05,31564.62,2048.00,4046848,N/A,2025-08-04 17:45:58
247,12.412873,N/A,N/A,6.20e-05,31562.34,2048.00,4063232,N/A,2025-08-04 17:45:59
248,11.648095,N/A,N/A,6.22e-05,31558.41,2048.00,4079616,N/A,2025-08-04 17:46:00
249,10.873516,N/A,N/A,6.25e-05,31668.16,2048.00,4096000,N/A,2025-08-04 17:46:00
250,10.593431,N/A,N/A,6.27e-05,31532.96,2048.00,4112384,0.6278,2025-08-04 17:46:01
251,12.271244,N/A,N/A,6.30e-05,31541.06,2048.00,4128768,N/A,2025-08-04 17:46:01
252,11.179949,N/A,N/A,6.33e-05,31533.97,2048.00,4145152,N/A,2025-08-04 17:46:02
253,11.755867,N/A,N/A,6.35e-05,31537.14,2048.00,4161536,N/A,2025-08-04 17:46:02
254,12.335011,N/A,N/A,6.38e-05,31532.11,2048.00,4177920,N/A,2025-08-04 17:46:03
255,13.289230,N/A,N/A,6.40e-05,31545.23,2048.00,4194304,N/A,2025-08-04 17:46:04
256,12.980577,N/A,N/A,6.43e-05,31560.16,2048.00,4210688,N/A,2025-08-04 17:46:04
257,10.986357,N/A,N/A,6.45e-05,31574.93,2048.00,4227072,N/A,2025-08-04 17:46:05
258,11.604293,N/A,N/A,6.48e-05,31592.70,2048.00,4243456,N/A,2025-08-04 17:46:05
259,12.591335,N/A,N/A,6.50e-05,31714.09,2048.00,4259840,N/A,2025-08-04 17:46:06
260,12.728586,N/A,N/A,6.53e-05,31567.09,2048.00,4276224,0.4008,2025-08-04 17:46:06
261,12.993543,N/A,N/A,6.55e-05,31570.05,2048.00,4292608,N/A,2025-08-04 17:46:07
262,10.914951,N/A,N/A,6.57e-05,31563.35,2048.00,4308992,N/A,2025-08-04 17:46:08
263,10.834082,N/A,N/A,6.60e-05,31564.33,2048.00,4325376,N/A,2025-08-04 17:46:08
264,12.541794,N/A,N/A,6.62e-05,31546.26,2048.00,4341760,N/A,2025-08-04 17:46:09
265,11.238330,N/A,N/A,6.65e-05,31544.70,2048.00,4358144,N/A,2025-08-04 17:46:09
266,13.135469,N/A,N/A,6.68e-05,31523.91,2048.00,4374528,N/A,2025-08-04 17:46:10
267,11.740911,N/A,N/A,6.70e-05,31532.57,2048.00,4390912,N/A,2025-08-04 17:46:10
268,12.350580,N/A,N/A,6.73e-05,31532.84,2048.00,4407296,N/A,2025-08-04 17:46:11
269,12.430326,N/A,N/A,6.75e-05,31669.22,2048.00,4423680,N/A,2025-08-04 17:46:12
270,13.323593,N/A,N/A,6.78e-05,31534.80,2048.00,4440064,0.5013,2025-08-04 17:46:12
271,12.732853,N/A,N/A,6.80e-05,31548.28,2048.00,4456448,N/A,2025-08-04 17:46:13
272,13.468586,N/A,N/A,6.83e-05,31548.14,2048.00,4472832,N/A,2025-08-04 17:46:13
273,10.693012,N/A,N/A,6.85e-05,31561.48,2048.00,4489216,N/A,2025-08-04 17:46:14
274,12.454730,N/A,N/A,6.88e-05,31559.57,2048.00,4505600,N/A,2025-08-04 17:46:15
275,13.084420,N/A,N/A,6.90e-05,31569.05,2048.00,4521984,N/A,2025-08-04 17:46:15
276,13.119220,N/A,N/A,6.93e-05,31555.96,2048.00,4538368,N/A,2025-08-04 17:46:16
277,11.278753,N/A,N/A,6.95e-05,31566.95,2048.00,4554752,N/A,2025-08-04 17:46:16
278,12.924002,N/A,N/A,6.98e-05,31574.55,2048.00,4571136,N/A,2025-08-04 17:46:17
279,12.761953,N/A,N/A,7.00e-05,31708.38,2048.00,4587520,N/A,2025-08-04 17:46:17
280,12.537882,N/A,N/A,7.03e-05,31563.24,2048.00,4603904,0.3748,2025-08-04 17:46:18
281,9.976484,N/A,N/A,7.05e-05,31573.51,2048.00,4620288,N/A,2025-08-04 17:46:19
282,12.344087,N/A,N/A,7.08e-05,31569.77,2048.00,4636672,N/A,2025-08-04 17:46:19
283,12.659138,N/A,N/A,7.10e-05,31570.03,2048.00,4653056,N/A,2025-08-04 17:46:20
284,12.754883,N/A,N/A,7.13e-05,31577.19,2048.00,4669440,N/A,2025-08-04 17:46:20
285,11.106530,N/A,N/A,7.15e-05,31593.44,2048.00,4685824,N/A,2025-08-04 17:46:21
286,12.404522,N/A,N/A,7.18e-05,31583.88,2048.00,4702208,N/A,2025-08-04 17:46:21
287,12.303959,N/A,N/A,7.20e-05,31581.14,2048.00,4718592,N/A,2025-08-04 17:46:22
288,14.160419,N/A,N/A,7.22e-05,31581.03,2048.00,4734976,N/A,2025-08-04 17:46:23
289,11.821729,N/A,N/A,7.25e-05,31710.40,2048.00,4751360,N/A,2025-08-04 17:46:23
290,14.200825,N/A,N/A,7.27e-05,31564.92,2048.00,4767744,0.5171,2025-08-04 17:46:24
291,13.026052,N/A,N/A,7.30e-05,31576.65,2048.00,4784128,N/A,2025-08-04 17:46:24
292,13.634717,N/A,N/A,7.32e-05,31568.88,2048.00,4800512,N/A,2025-08-04 17:46:25
293,12.550977,N/A,N/A,7.35e-05,31563.44,2048.00,4816896,N/A,2025-08-04 17:46:25
294,11.192152,N/A,N/A,7.37e-05,31556.84,2048.00,4833280,N/A,2025-08-04 17:46:26
295,14.206699,N/A,N/A,7.40e-05,31562.46,2048.00,4849664,N/A,2025-08-04 17:46:27
296,11.924034,N/A,N/A,7.43e-05,31562.10,2048.00,4866048,N/A,2025-08-04 17:46:27
297,12.342189,N/A,N/A,7.45e-05,31560.61,2048.00,4882432,N/A,2025-08-04 17:46:28
298,14.541871,N/A,N/A,7.48e-05,31541.70,2048.00,4898816,N/A,2025-08-04 17:46:28
299,13.893452,N/A,N/A,7.50e-05,31680.27,2048.00,4915200,N/A,2025-08-04 17:46:29
300,14.099265,N/A,N/A,7.52e-05,31524.39,2048.00,4931584,0.3534,2025-08-04 17:46:30
301,12.951501,N/A,N/A,7.55e-05,18942.61,2048.00,4947968,N/A,2025-08-04 17:46:34
302,12.045769,N/A,N/A,7.57e-05,18944.63,2048.00,4964352,N/A,2025-08-04 17:46:34
303,11.961845,N/A,N/A,7.60e-05,18948.82,2048.00,4980736,N/A,2025-08-04 17:46:35
304,12.886988,N/A,N/A,7.62e-05,18950.85,2048.00,4997120,N/A,2025-08-04 17:46:35
305,12.919367,N/A,N/A,7.65e-05,18950.26,2048.00,5013504,N/A,2025-08-04 17:46:36
306,14.642776,N/A,N/A,7.67e-05,18953.51,2048.00,5029888,N/A,2025-08-04 17:46:36
307,11.818378,N/A,N/A,7.70e-05,18965.85,2048.00,5046272,N/A,2025-08-04 17:46:37
308,12.865316,N/A,N/A,7.73e-05,18968.01,2048.00,5062656,N/A,2025-08-04 17:46:38
309,11.889686,N/A,N/A,7.75e-05,19016.55,2048.00,5079040,N/A,2025-08-04 17:46:38
310,14.004168,N/A,N/A,7.78e-05,31607.84,2048.00,5095424,0.4558,2025-08-04 17:46:39
311,12.525896,N/A,N/A,7.80e-05,31607.37,2048.00,5111808,N/A,2025-08-04 17:46:39
312,14.010512,N/A,N/A,7.83e-05,31604.09,2048.00,5128192,N/A,2025-08-04 17:46:40
313,13.970692,N/A,N/A,7.85e-05,31593.92,2048.00,5144576,N/A,2025-08-04 17:46:40
314,11.191848,N/A,N/A,7.88e-05,31606.72,2048.00,5160960,N/A,2025-08-04 17:46:41
315,11.374507,N/A,N/A,7.90e-05,31605.08,2048.00,5177344,N/A,2025-08-04 17:46:42
316,12.668062,N/A,N/A,7.93e-05,31600.68,2048.00,5193728,N/A,2025-08-04 17:46:42
317,13.776398,N/A,N/A,7.95e-05,31587.65,2048.00,5210112,N/A,2025-08-04 17:46:43
318,14.674426,N/A,N/A,7.98e-05,31603.65,2048.00,5226496,N/A,2025-08-04 17:46:43
319,11.819596,N/A,N/A,8.00e-05,31738.62,2048.00,5242880,N/A,2025-08-04 17:46:44
320,12.841448,N/A,N/A,8.02e-05,31610.44,2048.00,5259264,0.6355,2025-08-04 17:46:44
321,12.478205,N/A,N/A,8.05e-05,31609.96,2048.00,5275648,N/A,2025-08-04 17:46:45
322,12.341671,N/A,N/A,8.07e-05,31617.44,2048.00,5292032,N/A,2025-08-04 17:46:46
323,13.389319,N/A,N/A,8.10e-05,31602.39,2048.00,5308416,N/A,2025-08-04 17:46:46
324,13.841482,N/A,N/A,8.12e-05,31605.12,2048.00,5324800,N/A,2025-08-04 17:46:47
325,11.302526,N/A,N/A,8.15e-05,31604.20,2048.00,5341184,N/A,2025-08-04 17:46:47
326,10.646101,N/A,N/A,8.18e-05,31616.64,2048.00,5357568,N/A,2025-08-04 17:46:48
327,13.636740,N/A,N/A,8.20e-05,31609.45,2048.00,5373952,N/A,2025-08-04 17:46:49
328,13.108942,N/A,N/A,8.23e-05,31606.30,2048.00,5390336,N/A,2025-08-04 17:46:49
329,13.905787,N/A,N/A,8.25e-05,31731.59,2048.00,5406720,N/A,2025-08-04 17:46:50
330,13.085148,N/A,N/A,8.28e-05,31599.00,2048.00,5423104,0.3076,2025-08-04 17:46:50
331,13.059923,N/A,N/A,8.30e-05,31603.20,2048.00,5439488,N/A,2025-08-04 17:46:51
332,12.905283,N/A,N/A,8.33e-05,31613.06,2048.00,5455872,N/A,2025-08-04 17:46:51
333,11.851483,N/A,N/A,8.35e-05,31602.38,2048.00,5472256,N/A,2025-08-04 17:46:52
334,12.337747,N/A,N/A,8.38e-05,31595.37,2048.00,5488640,N/A,2025-08-04 17:46:53
335,11.774878,N/A,N/A,8.40e-05,31585.35,2048.00,5505024,N/A,2025-08-04 17:46:53
336,14.197037,N/A,N/A,8.43e-05,31589.91,2048.00,5521408,N/A,2025-08-04 17:46:54
337,11.949852,N/A,N/A,8.45e-05,31593.41,2048.00,5537792,N/A,2025-08-04 17:46:54
338,14.710964,N/A,N/A,8.48e-05,31585.18,2048.00,5554176,N/A,2025-08-04 17:46:55
339,14.001258,N/A,N/A,8.50e-05,31693.00,2048.00,5570560,N/A,2025-08-04 17:46:55
340,13.376244,N/A,N/A,8.53e-05,31559.60,2048.00,5586944,0.3660,2025-08-04 17:46:56
341,12.198713,N/A,N/A,8.55e-05,31559.42,2048.00,5603328,N/A,2025-08-04 17:46:57
342,11.525841,N/A,N/A,8.58e-05,31544.68,2048.00,5619712,N/A,2025-08-04 17:46:57
343,11.437693,N/A,N/A,8.60e-05,31542.04,2048.00,5636096,N/A,2025-08-04 17:46:58
344,14.565538,N/A,N/A,8.63e-05,31550.08,2048.00,5652480,N/A,2025-08-04 17:46:58
345,13.775255,N/A,N/A,8.65e-05,31548.14,2048.00,5668864,N/A,2025-08-04 17:46:59
346,12.721014,N/A,N/A,8.68e-05,31547.08,2048.00,5685248,N/A,2025-08-04 17:46:59
347,12.012783,N/A,N/A,8.70e-05,31550.60,2048.00,5701632,N/A,2025-08-04 17:47:00
348,13.033696,N/A,N/A,8.73e-05,31572.76,2048.00,5718016,N/A,2025-08-04 17:47:01
349,14.025909,N/A,N/A,8.75e-05,31696.57,2048.00,5734400,N/A,2025-08-04 17:47:01
350,13.385279,N/A,N/A,8.78e-05,31558.70,2048.00,5750784,0.4101,2025-08-04 17:47:02
351,12.621001,N/A,N/A,8.80e-05,31578.25,2048.00,5767168,N/A,2025-08-04 17:47:02
352,13.754327,N/A,N/A,8.82e-05,31584.42,2048.00,5783552,N/A,2025-08-04 17:47:03
353,13.020061,N/A,N/A,8.85e-05,31581.36,2048.00,5799936,N/A,2025-08-04 17:47:03
354,14.644310,N/A,N/A,8.87e-05,31584.62,2048.00,5816320,N/A,2025-08-04 17:47:04
355,14.927603,N/A,N/A,8.90e-05,31584.65,2048.00,5832704,N/A,2025-08-04 17:47:05
356,14.007103,N/A,N/A,8.93e-05,31587.46,2048.00,5849088,N/A,2025-08-04 17:47:05
357,13.182832,N/A,N/A,8.95e-05,31574.79,2048.00,5865472,N/A,2025-08-04 17:47:06
358,10.950401,N/A,N/A,8.97e-05,31585.21,2048.00,5881856,N/A,2025-08-04 17:47:06
359,14.844432,N/A,N/A,9.00e-05,31705.50,2048.00,5898240,N/A,2025-08-04 17:47:07
360,12.777744,N/A,N/A,9.02e-05,31561.16,2048.00,5914624,0.3488,2025-08-04 17:47:08
361,13.209091,N/A,N/A,9.05e-05,31563.18,2048.00,5931008,N/A,2025-08-04 17:47:08
362,13.098578,N/A,N/A,9.07e-05,31560.49,2048.00,5947392,N/A,2025-08-04 17:47:09
363,13.972208,N/A,N/A,9.10e-05,31551.92,2048.00,5963776,N/A,2025-08-04 17:47:09
364,14.218846,N/A,N/A,9.12e-05,31553.78,2048.00,5980160,N/A,2025-08-04 17:47:10
365,11.846994,N/A,N/A,9.15e-05,31560.34,2048.00,5996544,N/A,2025-08-04 17:47:10
366,13.695803,N/A,N/A,9.17e-05,31560.37,2048.00,6012928,N/A,2025-08-04 17:47:11
367,13.746880,N/A,N/A,9.20e-05,31553.07,2048.00,6029312,N/A,2025-08-04 17:47:12
368,14.944182,N/A,N/A,9.22e-05,31559.29,2048.00,6045696,N/A,2025-08-04 17:47:12
369,13.134993,N/A,N/A,9.25e-05,31701.93,2048.00,6062080,N/A,2025-08-04 17:47:13
370,15.568577,N/A,N/A,9.28e-05,31532.14,2048.00,6078464,0.5017,2025-08-04 17:47:13
371,11.795886,N/A,N/A,9.30e-05,31534.27,2048.00,6094848,N/A,2025-08-04 17:47:14
372,14.675543,N/A,N/A,9.33e-05,31544.25,2048.00,6111232,N/A,2025-08-04 17:47:14
373,14.445276,N/A,N/A,9.35e-05,31540.25,2048.00,6127616,N/A,2025-08-04 17:47:15
374,12.168432,N/A,N/A,9.38e-05,31543.34,2048.00,6144000,N/A,2025-08-04 17:47:16
375,11.850092,N/A,N/A,9.40e-05,31548.19,2048.00,6160384,N/A,2025-08-04 17:47:16
376,15.223541,N/A,N/A,9.43e-05,31546.53,2048.00,6176768,N/A,2025-08-04 17:47:17
377,13.763113,N/A,N/A,9.45e-05,31560.93,2048.00,6193152,N/A,2025-08-04 17:47:17
378,14.425577,N/A,N/A,9.47e-05,31548.05,2048.00,6209536,N/A,2025-08-04 17:47:18
379,13.876107,N/A,N/A,9.50e-05,31713.43,2048.00,6225920,N/A,2025-08-04 17:47:18
380,13.502538,N/A,N/A,9.52e-05,31578.51,2048.00,6242304,0.4177,2025-08-04 17:47:19
381,13.707880,N/A,N/A,9.55e-05,31580.01,2048.00,6258688,N/A,2025-08-04 17:47:20
382,11.884257,N/A,N/A,9.57e-05,31576.67,2048.00,6275072,N/A,2025-08-04 17:47:20
383,12.430832,N/A,N/A,9.60e-05,31559.20,2048.00,6291456,N/A,2025-08-04 17:47:21
384,14.882124,N/A,N/A,9.63e-05,31558.41,2048.00,6307840,N/A,2025-08-04 17:47:21
385,13.910788,N/A,N/A,9.65e-05,31557.56,2048.00,6324224,N/A,2025-08-04 17:47:22
386,13.224505,N/A,N/A,9.68e-05,31536.22,2048.00,6340608,N/A,2025-08-04 17:47:23
387,13.607918,N/A,N/A,9.70e-05,31548.82,2048.00,6356992,N/A,2025-08-04 17:47:23
388,13.032900,N/A,N/A,9.73e-05,31550.41,2048.00,6373376,N/A,2025-08-04 17:47:24
389,13.585247,N/A,N/A,9.75e-05,31678.15,2048.00,6389760,N/A,2025-08-04 17:47:24
390,13.639439,N/A,N/A,9.78e-05,31533.92,2048.00,6406144,0.4469,2025-08-04 17:47:25
391,15.083265,N/A,N/A,9.80e-05,31540.54,2048.00,6422528,N/A,2025-08-04 17:47:25
392,13.514647,N/A,N/A,9.83e-05,31548.31,2048.00,6438912,N/A,2025-08-04 17:47:26
393,13.912920,N/A,N/A,9.85e-05,31545.77,2048.00,6455296,N/A,2025-08-04 17:47:27
394,12.191743,N/A,N/A,9.88e-05,31535.45,2048.00,6471680,N/A,2025-08-04 17:47:27
395,14.014483,N/A,N/A,9.90e-05,31546.84,2048.00,6488064,N/A,2025-08-04 17:47:28
396,11.877217,N/A,N/A,9.93e-05,31536.11,2048.00,6504448,N/A,2025-08-04 17:47:28
397,15.023684,N/A,N/A,9.95e-05,31528.31,2048.00,6520832,N/A,2025-08-04 17:47:29
398,15.767349,N/A,N/A,9.97e-05,31523.39,2048.00,6537216,N/A,2025-08-04 17:47:29
399,14.730965,N/A,N/A,1.00e-04,31661.50,2048.00,6553600,N/A,2025-08-04 17:47:30
400,12.854059,N/A,N/A,1.00e-04,31523.73,2048.00,6569984,0.3613,2025-08-04 17:47:31
401,13.330296,N/A,N/A,1.01e-04,17936.69,2048.00,6586368,N/A,2025-08-04 17:47:35
402,14.098368,N/A,N/A,1.01e-04,17942.03,2048.00,6602752,N/A,2025-08-04 17:47:36
403,15.342007,N/A,N/A,1.01e-04,17948.70,2048.00,6619136,N/A,2025-08-04 17:47:36
404,13.190298,N/A,N/A,1.01e-04,17952.93,2048.00,6635520,N/A,2025-08-04 17:47:37
405,14.215446,N/A,N/A,1.02e-04,17957.27,2048.00,6651904,N/A,2025-08-04 17:47:37
406,13.220274,N/A,N/A,1.02e-04,17961.50,2048.00,6668288,N/A,2025-08-04 17:47:38
407,12.756689,N/A,N/A,1.02e-04,17965.16,2048.00,6684672,N/A,2025-08-04 17:47:39
408,14.588904,N/A,N/A,1.02e-04,17966.25,2048.00,6701056,N/A,2025-08-04 17:47:39
409,14.066877,N/A,N/A,1.03e-04,18013.24,2048.00,6717440,N/A,2025-08-04 17:47:40
410,14.367320,N/A,N/A,1.03e-04,31626.81,2048.00,6733824,0.3660,2025-08-04 17:47:40
411,14.183695,N/A,N/A,1.03e-04,31625.67,2048.00,6750208,N/A,2025-08-04 17:47:41
412,14.251123,N/A,N/A,1.03e-04,31616.61,2048.00,6766592,N/A,2025-08-04 17:47:41
413,14.572279,N/A,N/A,1.04e-04,31604.77,2048.00,6782976,N/A,2025-08-04 17:47:42
414,14.819151,N/A,N/A,1.04e-04,31604.71,2048.00,6799360,N/A,2025-08-04 17:47:43
415,14.286392,N/A,N/A,1.04e-04,31609.97,2048.00,6815744,N/A,2025-08-04 17:47:43
416,14.614502,N/A,N/A,1.04e-04,31613.96,2048.00,6832128,N/A,2025-08-04 17:47:44
417,12.774307,N/A,N/A,1.04e-04,31620.89,2048.00,6848512,N/A,2025-08-04 17:47:44
418,14.010322,N/A,N/A,1.05e-04,31607.60,2048.00,6864896,N/A,2025-08-04 17:47:45
419,13.939657,N/A,N/A,1.05e-04,31736.43,2048.00,6881280,N/A,2025-08-04 17:47:45
420,12.755309,N/A,N/A,1.05e-04,31595.80,2048.00,6897664,0.4026,2025-08-04 17:47:46
421,14.739020,N/A,N/A,1.06e-04,31600.91,2048.00,6914048,N/A,2025-08-04 17:47:47
422,12.532119,N/A,N/A,1.06e-04,31610.29,2048.00,6930432,N/A,2025-08-04 17:47:47
423,13.399446,N/A,N/A,1.06e-04,31611.62,2048.00,6946816,N/A,2025-08-04 17:47:48
424,14.113002,N/A,N/A,1.06e-04,31598.00,2048.00,6963200,N/A,2025-08-04 17:47:48
425,13.579311,N/A,N/A,1.07e-04,31588.89,2048.00,6979584,N/A,2025-08-04 17:47:49
426,12.090123,N/A,N/A,1.07e-04,31580.00,2048.00,6995968,N/A,2025-08-04 17:47:50
427,11.630501,N/A,N/A,1.07e-04,31577.84,2048.00,7012352,N/A,2025-08-04 17:47:50
428,12.376067,N/A,N/A,1.07e-04,31587.74,2048.00,7028736,N/A,2025-08-04 17:47:51
429,14.089684,N/A,N/A,1.07e-04,31705.25,2048.00,7045120,N/A,2025-08-04 17:47:51
430,14.132122,N/A,N/A,1.08e-04,31565.99,2048.00,7061504,0.3953,2025-08-04 17:47:52
431,14.584877,N/A,N/A,1.08e-04,31564.71,2048.00,7077888,N/A,2025-08-04 17:47:52
432,12.849656,N/A,N/A,1.08e-04,31565.11,2048.00,7094272,N/A,2025-08-04 17:47:53
433,13.539917,N/A,N/A,1.09e-04,31573.32,2048.00,7110656,N/A,2025-08-04 17:47:54
434,12.128420,N/A,N/A,1.09e-04,31577.99,2048.00,7127040,N/A,2025-08-04 17:47:54
435,15.154274,N/A,N/A,1.09e-04,31576.77,2048.00,7143424,N/A,2025-08-04 17:47:55
436,12.802198,N/A,N/A,1.09e-04,31565.39,2048.00,7159808,N/A,2025-08-04 17:47:55
437,14.040617,N/A,N/A,1.10e-04,31560.83,2048.00,7176192,N/A,2025-08-04 17:47:56
438,15.117484,N/A,N/A,1.10e-04,31570.09,2048.00,7192576,N/A,2025-08-04 17:47:56
439,11.974337,N/A,N/A,1.10e-04,31696.13,2048.00,7208960,N/A,2025-08-04 17:47:57
440,13.269934,N/A,N/A,1.10e-04,31542.17,2048.00,7225344,0.5361,2025-08-04 17:47:58
441,13.378999,N/A,N/A,1.11e-04,31538.79,2048.00,7241728,N/A,2025-08-04 17:47:58
442,15.229513,N/A,N/A,1.11e-04,31537.57,2048.00,7258112,N/A,2025-08-04 17:47:59
443,14.495647,N/A,N/A,1.11e-04,31527.16,2048.00,7274496,N/A,2025-08-04 17:47:59
444,12.915051,N/A,N/A,1.11e-04,31516.71,2048.00,7290880,N/A,2025-08-04 17:48:00
445,15.410492,N/A,N/A,1.11e-04,31536.49,2048.00,7307264,N/A,2025-08-04 17:48:00
446,14.829996,N/A,N/A,1.12e-04,31529.22,2048.00,7323648,N/A,2025-08-04 17:48:01
447,15.172024,N/A,N/A,1.12e-04,31538.34,2048.00,7340032,N/A,2025-08-04 17:48:02
448,15.128453,N/A,N/A,1.12e-04,31541.92,2048.00,7356416,N/A,2025-08-04 17:48:02
449,15.164875,N/A,N/A,1.12e-04,31683.76,2048.00,7372800,N/A,2025-08-04 17:48:03
450,13.436472,N/A,N/A,1.13e-04,31527.79,2048.00,7389184,0.3605,2025-08-04 17:48:03
451,11.173849,N/A,N/A,1.13e-04,31520.04,2048.00,7405568,N/A,2025-08-04 17:48:04
452,12.051584,N/A,N/A,1.13e-04,31528.65,2048.00,7421952,N/A,2025-08-04 17:48:05
453,14.027450,N/A,N/A,1.14e-04,31535.72,2048.00,7438336,N/A,2025-08-04 17:48:05
454,15.060111,N/A,N/A,1.14e-04,31535.91,2048.00,7454720,N/A,2025-08-04 17:48:06
455,14.780328,N/A,N/A,1.14e-04,31545.21,2048.00,7471104,N/A,2025-08-04 17:48:06
456,13.911547,N/A,N/A,1.14e-04,31542.14,2048.00,7487488,N/A,2025-08-04 17:48:07
457,16.075348,N/A,N/A,1.15e-04,31536.36,2048.00,7503872,N/A,2025-08-04 17:48:07
458,16.146021,N/A,N/A,1.15e-04,31538.32,2048.00,7520256,N/A,2025-08-04 17:48:08
459,13.555096,N/A,N/A,1.15e-04,31693.43,2048.00,7536640,N/A,2025-08-04 17:48:09
460,14.691071,N/A,N/A,1.15e-04,31522.93,2048.00,7553024,0.5630,2025-08-04 17:48:09
461,14.184753,N/A,N/A,1.16e-04,31531.26,2048.00,7569408,N/A,2025-08-04 17:48:10
462,14.573862,N/A,N/A,1.16e-04,31533.38,2048.00,7585792,N/A,2025-08-04 17:48:10
463,14.045179,N/A,N/A,1.16e-04,31528.51,2048.00,7602176,N/A,2025-08-04 17:48:11
464,15.552349,N/A,N/A,1.16e-04,31531.43,2048.00,7618560,N/A,2025-08-04 17:48:11
465,15.760735,N/A,N/A,1.17e-04,31527.57,2048.00,7634944,N/A,2025-08-04 17:48:12
466,13.501781,N/A,N/A,1.17e-04,31549.37,2048.00,7651328,N/A,2025-08-04 17:48:13
467,12.699896,N/A,N/A,1.17e-04,31555.26,2048.00,7667712,N/A,2025-08-04 17:48:13
468,12.542382,N/A,N/A,1.17e-04,31550.12,2048.00,7684096,N/A,2025-08-04 17:48:14
469,13.147610,N/A,N/A,1.18e-04,31724.28,2048.00,7700480,N/A,2025-08-04 17:48:14
470,11.969332,N/A,N/A,1.18e-04,31568.26,2048.00,7716864,0.4429,2025-08-04 17:48:15
471,15.795546,N/A,N/A,1.18e-04,31567.75,2048.00,7733248,N/A,2025-08-04 17:48:15
472,13.782511,N/A,N/A,1.18e-04,31567.01,2048.00,7749632,N/A,2025-08-04 17:48:16
473,12.471029,N/A,N/A,1.19e-04,31556.20,2048.00,7766016,N/A,2025-08-04 17:48:17
474,15.031774,N/A,N/A,1.19e-04,31556.68,2048.00,7782400,N/A,2025-08-04 17:48:17
475,12.482101,N/A,N/A,1.19e-04,31547.40,2048.00,7798784,N/A,2025-08-04 17:48:18
476,13.575411,N/A,N/A,1.19e-04,31542.09,2048.00,7815168,N/A,2025-08-04 17:48:18
477,14.623986,N/A,N/A,1.19e-04,31544.08,2048.00,7831552,N/A,2025-08-04 17:48:19
478,13.953711,N/A,N/A,1.20e-04,31543.77,2048.00,7847936,N/A,2025-08-04 17:48:19
479,15.268127,N/A,N/A,1.20e-04,31680.29,2048.00,7864320,N/A,2025-08-04 17:48:20
480,15.143758,N/A,N/A,1.20e-04,31549.45,2048.00,7880704,0.3881,2025-08-04 17:48:21
481,13.925237,N/A,N/A,1.21e-04,31551.21,2048.00,7897088,N/A,2025-08-04 17:48:21
482,15.361047,N/A,N/A,1.21e-04,31564.95,2048.00,7913472,N/A,2025-08-04 17:48:22
483,14.669337,N/A,N/A,1.21e-04,31570.03,2048.00,7929856,N/A,2025-08-04 17:48:22
484,14.986910,N/A,N/A,1.21e-04,31559.57,2048.00,7946240,N/A,2025-08-04 17:48:23
485,15.445704,N/A,N/A,1.21e-04,31501.99,2048.00,7962624,N/A,2025-08-04 17:48:24
486,12.042609,N/A,N/A,1.22e-04,31491.83,2048.00,7979008,N/A,2025-08-04 17:48:24
487,14.024738,N/A,N/A,1.22e-04,31487.77,2048.00,7995392,N/A,2025-08-04 17:48:25
488,12.879137,N/A,N/A,1.22e-04,31488.04,2048.00,8011776,N/A,2025-08-04 17:48:25
489,14.386723,N/A,N/A,1.22e-04,31616.76,2048.00,8028160,N/A,2025-08-04 17:48:26
490,16.408094,N/A,N/A,1.23e-04,31485.25,2048.00,8044544,0.3319,2025-08-04 17:48:26
491,11.568740,N/A,N/A,1.23e-04,31476.07,2048.00,8060928,N/A,2025-08-04 17:48:27
492,16.563808,N/A,N/A,1.23e-04,31466.93,2048.00,8077312,N/A,2025-08-04 17:48:28
493,14.412004,N/A,N/A,1.23e-04,31477.05,2048.00,8093696,N/A,2025-08-04 17:48:28
494,12.448043,N/A,N/A,1.24e-04,31540.99,2048.00,8110080,N/A,2025-08-04 17:48:29
495,15.016407,N/A,N/A,1.24e-04,31549.18,2048.00,8126464,N/A,2025-08-04 17:48:29
496,13.460522,N/A,N/A,1.24e-04,31549.88,2048.00,8142848,N/A,2025-08-04 17:48:30
497,15.292480,N/A,N/A,1.24e-04,31566.93,2048.00,8159232,N/A,2025-08-04 17:48:30
498,15.305222,N/A,N/A,1.25e-04,31568.70,2048.00,8175616,N/A,2025-08-04 17:48:31
499,13.280622,N/A,N/A,1.25e-04,31694.85,2048.00,8192000,N/A,2025-08-04 17:48:32
500,16.379679,N/A,N/A,1.25e-04,31570.34,2048.00,8208384,0.4456,2025-08-04 17:48:32
501,15.488729,N/A,N/A,1.25e-04,19022.16,2048.00,8224768,N/A,2025-08-04 17:48:36
502,14.470177,N/A,N/A,1.26e-04,19025.59,2048.00,8241152,N/A,2025-08-04 17:48:37
503,12.832554,N/A,N/A,1.26e-04,19027.47,2048.00,8257536,N/A,2025-08-04 17:48:37
504,15.566240,N/A,N/A,1.26e-04,19031.39,2048.00,8273920,N/A,2025-08-04 17:48:38
505,12.344740,N/A,N/A,1.27e-04,19034.48,2048.00,8290304,N/A,2025-08-04 17:48:38
506,16.807787,N/A,N/A,1.27e-04,19032.49,2048.00,8306688,N/A,2025-08-04 17:48:39
507,16.298302,N/A,N/A,1.27e-04,19031.81,2048.00,8323072,N/A,2025-08-04 17:48:40
508,15.685414,N/A,N/A,1.27e-04,19036.08,2048.00,8339456,N/A,2025-08-04 17:48:40
509,12.715158,N/A,N/A,1.28e-04,19079.35,2048.00,8355840,N/A,2025-08-04 17:48:41
510,14.256257,N/A,N/A,1.28e-04,31599.28,2048.00,8372224,0.5468,2025-08-04 17:48:41
511,15.146376,N/A,N/A,1.28e-04,31593.64,2048.00,8388608,N/A,2025-08-04 17:48:42
512,15.213698,N/A,N/A,1.28e-04,31589.61,2048.00,8404992,N/A,2025-08-04 17:48:43
513,15.219061,N/A,N/A,1.29e-04,31589.28,2048.00,8421376,N/A,2025-08-04 17:48:43
514,13.859576,N/A,N/A,1.29e-04,31595.92,2048.00,8437760,N/A,2025-08-04 17:48:44
515,14.305759,N/A,N/A,1.29e-04,31599.41,2048.00,8454144,N/A,2025-08-04 17:48:44
516,12.486069,N/A,N/A,1.29e-04,31602.55,2048.00,8470528,N/A,2025-08-04 17:48:45
517,16.414896,N/A,N/A,1.30e-04,31598.26,2048.00,8486912,N/A,2025-08-04 17:48:45
518,12.939164,N/A,N/A,1.30e-04,31606.80,2048.00,8503296,N/A,2025-08-04 17:48:46
519,14.305090,N/A,N/A,1.30e-04,31740.77,2048.00,8519680,N/A,2025-08-04 17:48:47
520,15.207228,N/A,N/A,1.30e-04,31603.06,2048.00,8536064,0.4061,2025-08-04 17:48:47
521,15.696719,N/A,N/A,1.31e-04,31604.65,2048.00,8552448,N/A,2025-08-04 17:48:48
522,13.125888,N/A,N/A,1.31e-04,31602.07,2048.00,8568832,N/A,2025-08-04 17:48:48
523,11.914049,N/A,N/A,1.31e-04,31590.24,2048.00,8585216,N/A,2025-08-04 17:48:49
524,13.583414,N/A,N/A,1.31e-04,31586.26,2048.00,8601600,N/A,2025-08-04 17:48:49
525,15.721341,N/A,N/A,1.31e-04,31582.89,2048.00,8617984,N/A,2025-08-04 17:48:50
526,12.809436,N/A,N/A,1.32e-04,31590.11,2048.00,8634368,N/A,2025-08-04 17:48:51
527,14.702687,N/A,N/A,1.32e-04,31585.44,2048.00,8650752,N/A,2025-08-04 17:48:51
528,16.148888,N/A,N/A,1.32e-04,31589.00,2048.00,8667136,N/A,2025-08-04 17:48:52
529,14.405373,N/A,N/A,1.32e-04,31711.71,2048.00,8683520,N/A,2025-08-04 17:48:52
530,14.140308,N/A,N/A,1.33e-04,31493.52,2048.00,8699904,0.4160,2025-08-04 17:48:53
531,14.052234,N/A,N/A,1.33e-04,31477.06,2048.00,8716288,N/A,2025-08-04 17:48:54
532,15.300842,N/A,N/A,1.33e-04,31469.02,2048.00,8732672,N/A,2025-08-04 17:48:54
533,15.180057,N/A,N/A,1.34e-04,31470.44,2048.00,8749056,N/A,2025-08-04 17:48:55
534,14.693376,N/A,N/A,1.34e-04,31470.79,2048.00,8765440,N/A,2025-08-04 17:48:55
535,15.368259,N/A,N/A,1.34e-04,31466.44,2048.00,8781824,N/A,2025-08-04 17:48:56
536,14.972693,N/A,N/A,1.34e-04,31472.62,2048.00,8798208,N/A,2025-08-04 17:48:56
537,14.046210,N/A,N/A,1.35e-04,31469.15,2048.00,8814592,N/A,2025-08-04 17:48:57
538,10.887541,N/A,N/A,1.35e-04,31473.23,2048.00,8830976,N/A,2025-08-04 17:48:58
539,13.076891,N/A,N/A,1.35e-04,31667.32,2048.00,8847360,N/A,2025-08-04 17:48:58
540,15.928844,N/A,N/A,1.35e-04,31548.82,2048.00,8863744,0.5097,2025-08-04 17:48:59
541,12.788771,N/A,N/A,1.36e-04,31549.63,2048.00,8880128,N/A,2025-08-04 17:48:59
542,13.621769,N/A,N/A,1.36e-04,31538.51,2048.00,8896512,N/A,2025-08-04 17:49:00
543,12.323424,N/A,N/A,1.36e-04,31543.14,2048.00,8912896,N/A,2025-08-04 17:49:00
544,14.497648,N/A,N/A,1.36e-04,31537.42,2048.00,8929280,N/A,2025-08-04 17:49:01
545,15.812292,N/A,N/A,1.37e-04,31532.99,2048.00,8945664,N/A,2025-08-04 17:49:02
546,14.578246,N/A,N/A,1.37e-04,31532.44,2048.00,8962048,N/A,2025-08-04 17:49:02
547,13.030062,N/A,N/A,1.37e-04,31535.37,2048.00,8978432,N/A,2025-08-04 17:49:03
548,13.250257,N/A,N/A,1.37e-04,31548.72,2048.00,8994816,N/A,2025-08-04 17:49:03
549,16.065594,N/A,N/A,1.38e-04,31672.12,2048.00,9011200,N/A,2025-08-04 17:49:04
550,14.449041,N/A,N/A,1.38e-04,31523.65,2048.00,9027584,0.2942,2025-08-04 17:49:04
551,12.707378,N/A,N/A,1.38e-04,31530.33,2048.00,9043968,N/A,2025-08-04 17:49:05
552,14.560270,N/A,N/A,1.38e-04,31529.09,2048.00,9060352,N/A,2025-08-04 17:49:06
553,15.049849,N/A,N/A,1.39e-04,31524.97,2048.00,9076736,N/A,2025-08-04 17:49:06
554,14.820737,N/A,N/A,1.39e-04,31530.01,2048.00,9093120,N/A,2025-08-04 17:49:07
555,13.993277,N/A,N/A,1.39e-04,31533.61,2048.00,9109504,N/A,2025-08-04 17:49:07
556,13.591148,N/A,N/A,1.39e-04,31539.93,2048.00,9125888,N/A,2025-08-04 17:49:08
557,16.759834,N/A,N/A,1.40e-04,31539.43,2048.00,9142272,N/A,2025-08-04 17:49:08
558,11.924348,N/A,N/A,1.40e-04,31545.98,2048.00,9158656,N/A,2025-08-04 17:49:09
559,12.817122,N/A,N/A,1.40e-04,31691.35,2048.00,9175040,N/A,2025-08-04 17:49:10
560,12.965057,N/A,N/A,1.40e-04,31552.04,2048.00,9191424,0.3907,2025-08-04 17:49:10
561,14.436277,N/A,N/A,1.41e-04,31554.73,2048.00,9207808,N/A,2025-08-04 17:49:11
562,12.993731,N/A,N/A,1.41e-04,31556.51,2048.00,9224192,N/A,2025-08-04 17:49:11
563,15.607668,N/A,N/A,1.41e-04,31542.51,2048.00,9240576,N/A,2025-08-04 17:49:12
564,14.594641,N/A,N/A,1.41e-04,31541.06,2048.00,9256960,N/A,2025-08-04 17:49:13
565,12.405413,N/A,N/A,1.42e-04,31526.71,2048.00,9273344,N/A,2025-08-04 17:49:13
566,14.676575,N/A,N/A,1.42e-04,31531.71,2048.00,9289728,N/A,2025-08-04 17:49:14
567,17.012199,N/A,N/A,1.42e-04,31533.78,2048.00,9306112,N/A,2025-08-04 17:49:14
568,13.184360,N/A,N/A,1.42e-04,31545.02,2048.00,9322496,N/A,2025-08-04 17:49:15
569,12.840553,N/A,N/A,1.43e-04,31672.35,2048.00,9338880,N/A,2025-08-04 17:49:15
570,12.388260,N/A,N/A,1.43e-04,31526.25,2048.00,9355264,0.4225,2025-08-04 17:49:16
571,11.190906,N/A,N/A,1.43e-04,31530.58,2048.00,9371648,N/A,2025-08-04 17:49:17
572,12.661404,N/A,N/A,1.43e-04,31522.55,2048.00,9388032,N/A,2025-08-04 17:49:17
573,13.363741,N/A,N/A,1.44e-04,31521.64,2048.00,9404416,N/A,2025-08-04 17:49:18
574,13.292644,N/A,N/A,1.44e-04,31524.56,2048.00,9420800,N/A,2025-08-04 17:49:18
575,16.870235,N/A,N/A,1.44e-04,31519.09,2048.00,9437184,N/A,2025-08-04 17:49:19
576,11.797604,N/A,N/A,1.44e-04,31511.88,2048.00,9453568,N/A,2025-08-04 17:49:19
577,14.318535,N/A,N/A,1.44e-04,31502.20,2048.00,9469952,N/A,2025-08-04 17:49:20
578,14.558432,N/A,N/A,1.45e-04,31510.83,2048.00,9486336,N/A,2025-08-04 17:49:21
579,15.563595,N/A,N/A,1.45e-04,31647.35,2048.00,9502720,N/A,2025-08-04 17:49:21
580,14.971424,N/A,N/A,1.45e-04,31484.05,2048.00,9519104,0.3638,2025-08-04 17:49:22
581,12.573132,N/A,N/A,1.45e-04,31495.53,2048.00,9535488,N/A,2025-08-04 17:49:22
582,14.444319,N/A,N/A,1.46e-04,31487.24,2048.00,9551872,N/A,2025-08-04 17:49:23
583,12.605947,N/A,N/A,1.46e-04,31489.64,2048.00,9568256,N/A,2025-08-04 17:49:24
584,13.675739,N/A,N/A,1.46e-04,31479.13,2048.00,9584640,N/A,2025-08-04 17:49:24
585,14.266411,N/A,N/A,1.46e-04,31423.82,2048.00,9601024,N/A,2025-08-04 17:49:25
586,14.708237,N/A,N/A,1.47e-04,31434.44,2048.00,9617408,N/A,2025-08-04 17:49:25
587,14.787546,N/A,N/A,1.47e-04,31435.76,2048.00,9633792,N/A,2025-08-04 17:49:26
588,14.976729,N/A,N/A,1.47e-04,31433.33,2048.00,9650176,N/A,2025-08-04 17:49:26
589,14.802961,N/A,N/A,1.47e-04,31511.57,2048.00,9666560,N/A,2025-08-04 17:49:27
590,15.118560,N/A,N/A,1.48e-04,31233.69,2048.00,9682944,0.4764,2025-08-04 17:49:28
591,13.008880,N/A,N/A,1.48e-04,31151.08,2048.00,9699328,N/A,2025-08-04 17:49:28
592,15.351671,N/A,N/A,1.48e-04,31086.32,2048.00,9715712,N/A,2025-08-04 17:49:29
593,15.677134,N/A,N/A,1.49e-04,31051.42,2048.00,9732096,N/A,2025-08-04 17:49:29
594,13.194929,N/A,N/A,1.49e-04,31058.94,2048.00,9748480,N/A,2025-08-04 17:49:30
595,14.551671,N/A,N/A,1.49e-04,30983.16,2048.00,9764864,N/A,2025-08-04 17:49:31
596,14.662693,N/A,N/A,1.49e-04,30985.99,2048.00,9781248,N/A,2025-08-04 17:49:31
597,14.464220,N/A,N/A,1.50e-04,30992.49,2048.00,9797632,N/A,2025-08-04 17:49:32
598,12.180717,N/A,N/A,1.50e-04,31069.69,2048.00,9814016,N/A,2025-08-04 17:49:32
599,14.797056,N/A,N/A,1.50e-04,31344.92,2048.00,9830400,N/A,2025-08-04 17:49:33
600,15.700747,N/A,N/A,1.50e-04,31305.91,2048.00,9846784,0.3274,2025-08-04 17:49:33
601,10.652263,N/A,N/A,1.50e-04,18675.91,2048.00,9863168,N/A,2025-08-04 17:49:38
602,13.744347,N/A,N/A,1.51e-04,18697.69,2048.00,9879552,N/A,2025-08-04 17:49:38
603,14.058971,N/A,N/A,1.51e-04,18718.28,2048.00,9895936,N/A,2025-08-04 17:49:39
604,14.459679,N/A,N/A,1.51e-04,18748.47,2048.00,9912320,N/A,2025-08-04 17:49:39
605,15.447952,N/A,N/A,1.51e-04,18753.95,2048.00,9928704,N/A,2025-08-04 17:49:40
606,13.255160,N/A,N/A,1.52e-04,18756.45,2048.00,9945088,N/A,2025-08-04 17:49:40
607,14.894936,N/A,N/A,1.52e-04,18756.49,2048.00,9961472,N/A,2025-08-04 17:49:41
608,12.811993,N/A,N/A,1.52e-04,18762.69,2048.00,9977856,N/A,2025-08-04 17:49:42
609,16.155073,N/A,N/A,1.52e-04,18805.96,2048.00,9994240,N/A,2025-08-04 17:49:42
610,15.520766,N/A,N/A,1.53e-04,31615.92,2048.00,10010624,0.2552,2025-08-04 17:49:43
611,13.243200,N/A,N/A,1.53e-04,31610.41,2048.00,10027008,N/A,2025-08-04 17:49:43
612,14.191638,N/A,N/A,1.53e-04,31611.01,2048.00,10043392,N/A,2025-08-04 17:49:44
613,11.957714,N/A,N/A,1.53e-04,31611.86,2048.00,10059776,N/A,2025-08-04 17:49:44
614,14.760218,N/A,N/A,1.54e-04,31593.28,2048.00,10076160,N/A,2025-08-04 17:49:45
615,14.496165,N/A,N/A,1.54e-04,31591.41,2048.00,10092544,N/A,2025-08-04 17:49:46
616,15.664786,N/A,N/A,1.54e-04,31599.05,2048.00,10108928,N/A,2025-08-04 17:49:46
617,12.734493,N/A,N/A,1.55e-04,31597.56,2048.00,10125312,N/A,2025-08-04 17:49:47
618,14.967834,N/A,N/A,1.55e-04,31606.77,2048.00,10141696,N/A,2025-08-04 17:49:47
619,12.611628,N/A,N/A,1.55e-04,31738.57,2048.00,10158080,N/A,2025-08-04 17:49:48
620,11.643064,N/A,N/A,1.55e-04,31559.39,2048.00,10174464,0.4133,2025-08-04 17:49:48
621,13.153718,N/A,N/A,1.56e-04,31543.58,2048.00,10190848,N/A,2025-08-04 17:49:49
622,15.437297,N/A,N/A,1.56e-04,31521.44,2048.00,10207232,N/A,2025-08-04 17:49:50
623,14.270821,N/A,N/A,1.56e-04,31525.80,2048.00,10223616,N/A,2025-08-04 17:49:50
624,14.418959,N/A,N/A,1.56e-04,31522.02,2048.00,10240000,N/A,2025-08-04 17:49:51
625,15.327187,N/A,N/A,1.57e-04,31505.49,2048.00,10256384,N/A,2025-08-04 17:49:51
626,13.193310,N/A,N/A,1.57e-04,31495.88,2048.00,10272768,N/A,2025-08-04 17:49:52
627,14.741920,N/A,N/A,1.57e-04,31484.41,2048.00,10289152,N/A,2025-08-04 17:49:53
628,16.372545,N/A,N/A,1.57e-04,31467.12,2048.00,10305536,N/A,2025-08-04 17:49:53
629,13.875863,N/A,N/A,1.58e-04,31645.31,2048.00,10321920,N/A,2025-08-04 17:49:54
630,14.324582,N/A,N/A,1.58e-04,31467.21,2048.00,10338304,0.3581,2025-08-04 17:49:54
631,11.623286,N/A,N/A,1.58e-04,31479.27,2048.00,10354688,N/A,2025-08-04 17:49:55
632,14.715986,N/A,N/A,1.58e-04,31470.67,2048.00,10371072,N/A,2025-08-04 17:49:55
633,14.404825,N/A,N/A,1.59e-04,31468.70,2048.00,10387456,N/A,2025-08-04 17:49:56
634,9.725004,N/A,N/A,1.59e-04,31479.36,2048.00,10403840,N/A,2025-08-04 17:49:57
635,14.137677,N/A,N/A,1.59e-04,31466.87,2048.00,10420224,N/A,2025-08-04 17:49:57
636,14.344891,N/A,N/A,1.59e-04,31474.96,2048.00,10436608,N/A,2025-08-04 17:49:58
637,14.495890,N/A,N/A,1.60e-04,31489.75,2048.00,10452992,N/A,2025-08-04 17:49:58
638,13.756375,N/A,N/A,1.60e-04,31481.85,2048.00,10469376,N/A,2025-08-04 17:49:59
639,14.801048,N/A,N/A,1.60e-04,31652.96,2048.00,10485760,N/A,2025-08-04 17:49:59
640,14.074405,N/A,N/A,1.60e-04,31517.39,2048.00,10502144,0.2966,2025-08-04 17:50:00
641,15.365818,N/A,N/A,1.60e-04,31531.29,2048.00,10518528,N/A,2025-08-04 17:50:01
642,12.777166,N/A,N/A,1.61e-04,31532.59,2048.00,10534912,N/A,2025-08-04 17:50:01
643,14.473075,N/A,N/A,1.61e-04,31531.79,2048.00,10551296,N/A,2025-08-04 17:50:02
644,13.396688,N/A,N/A,1.61e-04,31541.82,2048.00,10567680,N/A,2025-08-04 17:50:02
645,12.016970,N/A,N/A,1.61e-04,31537.21,2048.00,10584064,N/A,2025-08-04 17:50:03
646,11.648570,N/A,N/A,1.62e-04,31530.29,2048.00,10600448,N/A,2025-08-04 17:50:04
647,13.633572,N/A,N/A,1.62e-04,31520.59,2048.00,10616832,N/A,2025-08-04 17:50:04
648,15.702346,N/A,N/A,1.62e-04,31536.24,2048.00,10633216,N/A,2025-08-04 17:50:05
649,15.111696,N/A,N/A,1.62e-04,31659.28,2048.00,10649600,N/A,2025-08-04 17:50:05
650,13.376951,N/A,N/A,1.63e-04,31513.92,2048.00,10665984,0.3322,2025-08-04 17:50:06
651,13.950092,N/A,N/A,1.63e-04,31514.16,2048.00,10682368,N/A,2025-08-04 17:50:06
652,13.884373,N/A,N/A,1.63e-04,31505.48,2048.00,10698752,N/A,2025-08-04 17:50:07
653,12.632883,N/A,N/A,1.64e-04,31506.98,2048.00,10715136,N/A,2025-08-04 17:50:08
654,13.652874,N/A,N/A,1.64e-04,31508.77,2048.00,10731520,N/A,2025-08-04 17:50:08
655,14.574354,N/A,N/A,1.64e-04,31509.62,2048.00,10747904,N/A,2025-08-04 17:50:09
656,12.284410,N/A,N/A,1.64e-04,31517.29,2048.00,10764288,N/A,2025-08-04 17:50:09
657,13.661203,N/A,N/A,1.65e-04,31510.29,2048.00,10780672,N/A,2025-08-04 17:50:10
658,15.020996,N/A,N/A,1.65e-04,31519.64,2048.00,10797056,N/A,2025-08-04 17:50:10
659,14.039556,N/A,N/A,1.65e-04,31655.04,2048.00,10813440,N/A,2025-08-04 17:50:11
660,12.849445,N/A,N/A,1.65e-04,31510.46,2048.00,10829824,0.3955,2025-08-04 17:50:12
661,14.268326,N/A,N/A,1.66e-04,31514.12,2048.00,10846208,N/A,2025-08-04 17:50:12
662,14.098289,N/A,N/A,1.66e-04,31509.87,2048.00,10862592,N/A,2025-08-04 17:50:13
663,12.284927,N/A,N/A,1.66e-04,31506.17,2048.00,10878976,N/A,2025-08-04 17:50:13
664,11.689839,N/A,N/A,1.66e-04,31504.44,2048.00,10895360,N/A,2025-08-04 17:50:14
665,12.388714,N/A,N/A,1.67e-04,31493.15,2048.00,10911744,N/A,2025-08-04 17:50:14
666,12.741719,N/A,N/A,1.67e-04,31488.80,2048.00,10928128,N/A,2025-08-04 17:50:15
667,16.263567,N/A,N/A,1.67e-04,31491.97,2048.00,10944512,N/A,2025-08-04 17:50:16
668,15.310447,N/A,N/A,1.67e-04,31496.60,2048.00,10960896,N/A,2025-08-04 17:50:16
669,16.410767,N/A,N/A,1.68e-04,31623.20,2048.00,10977280,N/A,2025-08-04 17:50:17
670,13.313072,N/A,N/A,1.68e-04,31496.60,2048.00,10993664,0.3080,2025-08-04 17:50:17
671,15.522600,N/A,N/A,1.68e-04,31497.09,2048.00,11010048,N/A,2025-08-04 17:50:18
672,11.201563,N/A,N/A,1.68e-04,31506.84,2048.00,11026432,N/A,2025-08-04 17:50:19
673,13.196110,N/A,N/A,1.69e-04,31502.77,2048.00,11042816,N/A,2025-08-04 17:50:19
674,14.259625,N/A,N/A,1.69e-04,31504.20,2048.00,11059200,N/A,2025-08-04 17:50:20
675,12.879068,N/A,N/A,1.69e-04,31503.22,2048.00,11075584,N/A,2025-08-04 17:50:20
676,10.599155,N/A,N/A,1.69e-04,31500.70,2048.00,11091968,N/A,2025-08-04 17:50:21
677,14.691141,N/A,N/A,1.70e-04,31482.91,2048.00,11108352,N/A,2025-08-04 17:50:21
678,10.320526,N/A,N/A,1.70e-04,31499.91,2048.00,11124736,N/A,2025-08-04 17:50:22
679,15.889684,N/A,N/A,1.70e-04,31608.78,2048.00,11141120,N/A,2025-08-04 17:50:23
680,15.015315,N/A,N/A,1.70e-04,31478.17,2048.00,11157504,0.2630,2025-08-04 17:50:23
681,15.693558,N/A,N/A,1.71e-04,31480.55,2048.00,11173888,N/A,2025-08-04 17:50:24
682,14.388683,N/A,N/A,1.71e-04,31482.52,2048.00,11190272,N/A,2025-08-04 17:50:24
683,14.215867,N/A,N/A,1.71e-04,31483.39,2048.00,11206656,N/A,2025-08-04 17:50:25
684,14.983832,N/A,N/A,1.71e-04,31492.83,2048.00,11223040,N/A,2025-08-04 17:50:25
685,15.101360,N/A,N/A,1.72e-04,31489.66,2048.00,11239424,N/A,2025-08-04 17:50:26
686,12.879083,N/A,N/A,1.72e-04,31510.64,2048.00,11255808,N/A,2025-08-04 17:50:27
687,13.639421,N/A,N/A,1.72e-04,31503.29,2048.00,11272192,N/A,2025-08-04 17:50:27
688,13.038687,N/A,N/A,1.72e-04,31519.27,2048.00,11288576,N/A,2025-08-04 17:50:28
689,13.018274,N/A,N/A,1.73e-04,31641.71,2048.00,11304960,N/A,2025-08-04 17:50:28
690,14.502022,N/A,N/A,1.73e-04,31475.28,2048.00,11321344,0.5109,2025-08-04 17:50:29
691,12.554796,N/A,N/A,1.73e-04,31475.61,2048.00,11337728,N/A,2025-08-04 17:50:30
692,15.686935,N/A,N/A,1.73e-04,31478.03,2048.00,11354112,N/A,2025-08-04 17:50:30
693,11.400889,N/A,N/A,1.74e-04,31476.52,2048.00,11370496,N/A,2025-08-04 17:50:31
694,14.064552,N/A,N/A,1.74e-04,31468.63,2048.00,11386880,N/A,2025-08-04 17:50:31
695,14.070466,N/A,N/A,1.74e-04,31448.28,2048.00,11403264,N/A,2025-08-04 17:50:32
696,15.376759,N/A,N/A,1.74e-04,31444.16,2048.00,11419648,N/A,2025-08-04 17:50:32
697,14.809587,N/A,N/A,1.75e-04,31446.03,2048.00,11436032,N/A,2025-08-04 17:50:33
698,16.428358,N/A,N/A,1.75e-04,31452.03,2048.00,11452416,N/A,2025-08-04 17:50:34
699,12.658115,N/A,N/A,1.75e-04,31598.15,2048.00,11468800,N/A,2025-08-04 17:50:34
700,14.209829,N/A,N/A,1.75e-04,31458.72,2048.00,11485184,0.4250,2025-08-04 17:50:35
701,15.117260,N/A,N/A,1.76e-04,18562.15,2048.00,11501568,N/A,2025-08-04 17:50:39
702,14.690657,N/A,N/A,1.76e-04,18568.09,2048.00,11517952,N/A,2025-08-04 17:50:39
703,15.305828,N/A,N/A,1.76e-04,18575.93,2048.00,11534336,N/A,2025-08-04 17:50:40
704,12.927629,N/A,N/A,1.76e-04,18587.28,2048.00,11550720,N/A,2025-08-04 17:50:41
705,13.740365,N/A,N/A,1.76e-04,18590.60,2048.00,11567104,N/A,2025-08-04 17:50:41
706,15.138992,N/A,N/A,1.77e-04,18594.03,2048.00,11583488,N/A,2025-08-04 17:50:42
707,13.008751,N/A,N/A,1.77e-04,18596.86,2048.00,11599872,N/A,2025-08-04 17:50:42
708,13.642991,N/A,N/A,1.77e-04,18604.51,2048.00,11616256,N/A,2025-08-04 17:50:43
709,14.550684,N/A,N/A,1.77e-04,18655.60,2048.00,11632640,N/A,2025-08-04 17:50:44
710,12.556787,N/A,N/A,1.78e-04,31500.70,2048.00,11649024,0.3556,2025-08-04 17:50:44
711,13.815375,N/A,N/A,1.78e-04,31490.90,2048.00,11665408,N/A,2025-08-04 17:50:45
712,14.088378,N/A,N/A,1.78e-04,31483.98,2048.00,11681792,N/A,2025-08-04 17:50:45
713,12.975153,N/A,N/A,1.79e-04,31473.24,2048.00,11698176,N/A,2025-08-04 17:50:46
714,14.067205,N/A,N/A,1.79e-04,31471.27,2048.00,11714560,N/A,2025-08-04 17:50:46
715,16.688980,N/A,N/A,1.79e-04,31463.85,2048.00,11730944,N/A,2025-08-04 17:50:47
716,14.750475,N/A,N/A,1.79e-04,31466.24,2048.00,11747328,N/A,2025-08-04 17:50:48
717,14.500251,N/A,N/A,1.79e-04,31460.98,2048.00,11763712,N/A,2025-08-04 17:50:48
718,14.603806,N/A,N/A,1.80e-04,31468.56,2048.00,11780096,N/A,2025-08-04 17:50:49
719,16.206009,N/A,N/A,1.80e-04,31703.01,2048.00,11796480,N/A,2025-08-04 17:50:49
720,14.944239,N/A,N/A,1.80e-04,31567.79,2048.00,11812864,0.2451,2025-08-04 17:50:50
721,14.158558,N/A,N/A,1.80e-04,31575.81,2048.00,11829248,N/A,2025-08-04 17:50:50
722,12.280342,N/A,N/A,1.81e-04,31574.56,2048.00,11845632,N/A,2025-08-04 17:50:51
723,13.924497,N/A,N/A,1.81e-04,31577.03,2048.00,11862016,N/A,2025-08-04 17:50:52
724,13.960415,N/A,N/A,1.81e-04,31582.75,2048.00,11878400,N/A,2025-08-04 17:50:52
725,14.045204,N/A,N/A,1.81e-04,31580.26,2048.00,11894784,N/A,2025-08-04 17:50:53
726,12.918681,N/A,N/A,1.82e-04,31224.63,2048.00,11911168,N/A,2025-08-04 17:50:53
727,14.798990,N/A,N/A,1.82e-04,31211.22,2048.00,11927552,N/A,2025-08-04 17:50:54
728,13.616735,N/A,N/A,1.82e-04,31205.81,2048.00,11943936,N/A,2025-08-04 17:50:55
729,14.084192,N/A,N/A,1.82e-04,31288.87,2048.00,11960320,N/A,2025-08-04 17:50:55
730,14.219055,N/A,N/A,1.83e-04,31128.12,2048.00,11976704,0.3665,2025-08-04 17:50:56
731,14.209762,N/A,N/A,1.83e-04,31118.72,2048.00,11993088,N/A,2025-08-04 17:50:56
732,16.690807,N/A,N/A,1.83e-04,31121.08,2048.00,12009472,N/A,2025-08-04 17:50:57
733,14.491135,N/A,N/A,1.83e-04,31112.31,2048.00,12025856,N/A,2025-08-04 17:50:57
734,16.363079,N/A,N/A,1.84e-04,31112.59,2048.00,12042240,N/A,2025-08-04 17:50:58
735,12.659999,N/A,N/A,1.84e-04,31466.31,2048.00,12058624,N/A,2025-08-04 17:50:59
736,12.997062,N/A,N/A,1.84e-04,31450.92,2048.00,12075008,N/A,2025-08-04 17:50:59
737,13.574507,N/A,N/A,1.84e-04,31448.28,2048.00,12091392,N/A,2025-08-04 17:51:00
738,14.679754,N/A,N/A,1.85e-04,31488.37,2048.00,12107776,N/A,2025-08-04 17:51:00
739,13.913965,N/A,N/A,1.85e-04,31633.97,2048.00,12124160,N/A,2025-08-04 17:51:01
740,13.186796,N/A,N/A,1.85e-04,31490.34,2048.00,12140544,0.3228,2025-08-04 17:51:01
741,13.155409,N/A,N/A,1.86e-04,31488.97,2048.00,12156928,N/A,2025-08-04 17:51:02
742,16.707390,N/A,N/A,1.86e-04,31490.87,2048.00,12173312,N/A,2025-08-04 17:51:03
743,13.704286,N/A,N/A,1.86e-04,31482.73,2048.00,12189696,N/A,2025-08-04 17:51:03
744,14.080263,N/A,N/A,1.86e-04,31478.51,2048.00,12206080,N/A,2025-08-04 17:51:04
745,12.828220,N/A,N/A,1.87e-04,31497.29,2048.00,12222464,N/A,2025-08-04 17:51:04
746,13.645705,N/A,N/A,1.87e-04,31501.73,2048.00,12238848,N/A,2025-08-04 17:51:05
747,13.495720,N/A,N/A,1.87e-04,31499.12,2048.00,12255232,N/A,2025-08-04 17:51:06
748,13.820806,N/A,N/A,1.87e-04,31503.75,2048.00,12271616,N/A,2025-08-04 17:51:06
749,12.434168,N/A,N/A,1.88e-04,31639.45,2048.00,12288000,N/A,2025-08-04 17:51:07
750,13.192430,N/A,N/A,1.88e-04,31504.19,2048.00,12304384,0.3576,2025-08-04 17:51:07
751,15.475737,N/A,N/A,1.88e-04,31512.42,2048.00,12320768,N/A,2025-08-04 17:51:08
752,15.103747,N/A,N/A,1.88e-04,31508.23,2048.00,12337152,N/A,2025-08-04 17:51:08
753,13.987680,N/A,N/A,1.89e-04,31509.17,2048.00,12353536,N/A,2025-08-04 17:51:09
754,13.616481,N/A,N/A,1.89e-04,31507.82,2048.00,12369920,N/A,2025-08-04 17:51:10
755,15.879713,N/A,N/A,1.89e-04,31504.96,2048.00,12386304,N/A,2025-08-04 17:51:10
756,13.762049,N/A,N/A,1.89e-04,31514.03,2048.00,12402688,N/A,2025-08-04 17:51:11
757,12.535128,N/A,N/A,1.89e-04,31509.62,2048.00,12419072,N/A,2025-08-04 17:51:11
758,13.734570,N/A,N/A,1.90e-04,31510.35,2048.00,12435456,N/A,2025-08-04 17:51:12
759,15.071166,N/A,N/A,1.90e-04,31624.88,2048.00,12451840,N/A,2025-08-04 17:51:12
760,15.777749,N/A,N/A,1.90e-04,31435.83,2048.00,12468224,0.3496,2025-08-04 17:51:13
761,15.351615,N/A,N/A,1.90e-04,31439.74,2048.00,12484608,N/A,2025-08-04 17:51:14
762,13.438786,N/A,N/A,1.91e-04,31434.09,2048.00,12500992,N/A,2025-08-04 17:51:14
763,11.740118,N/A,N/A,1.91e-04,31430.29,2048.00,12517376,N/A,2025-08-04 17:51:15
764,13.648078,N/A,N/A,1.91e-04,31419.79,2048.00,12533760,N/A,2025-08-04 17:51:15
765,13.710470,N/A,N/A,1.91e-04,31406.58,2048.00,12550144,N/A,2025-08-04 17:51:16
766,13.795950,N/A,N/A,1.92e-04,31408.02,2048.00,12566528,N/A,2025-08-04 17:51:17
767,15.487608,N/A,N/A,1.92e-04,31420.51,2048.00,12582912,N/A,2025-08-04 17:51:17
768,16.058498,N/A,N/A,1.92e-04,31439.67,2048.00,12599296,N/A,2025-08-04 17:51:18
769,12.708521,N/A,N/A,1.93e-04,31615.88,2048.00,12615680,N/A,2025-08-04 17:51:18
770,15.764790,N/A,N/A,1.93e-04,31490.85,2048.00,12632064,0.4912,2025-08-04 17:51:19
771,15.246022,N/A,N/A,1.93e-04,31495.89,2048.00,12648448,N/A,2025-08-04 17:51:19
772,14.358330,N/A,N/A,1.93e-04,31498.49,2048.00,12664832,N/A,2025-08-04 17:51:20
773,13.751198,N/A,N/A,1.94e-04,31514.28,2048.00,12681216,N/A,2025-08-04 17:51:21
774,11.376261,N/A,N/A,1.94e-04,31512.85,2048.00,12697600,N/A,2025-08-04 17:51:21
775,14.246704,N/A,N/A,1.94e-04,31505.70,2048.00,12713984,N/A,2025-08-04 17:51:22
776,14.902201,N/A,N/A,1.94e-04,31497.42,2048.00,12730368,N/A,2025-08-04 17:51:22
777,15.796967,N/A,N/A,1.95e-04,31493.92,2048.00,12746752,N/A,2025-08-04 17:51:23
778,14.310932,N/A,N/A,1.95e-04,31497.36,2048.00,12763136,N/A,2025-08-04 17:51:23
779,13.801528,N/A,N/A,1.95e-04,31618.38,2048.00,12779520,N/A,2025-08-04 17:51:24
780,13.532202,N/A,N/A,1.95e-04,31474.14,2048.00,12795904,0.3358,2025-08-04 17:51:25
781,13.492279,N/A,N/A,1.96e-04,31330.33,2048.00,12812288,N/A,2025-08-04 17:51:25
782,15.459544,N/A,N/A,1.96e-04,31326.96,2048.00,12828672,N/A,2025-08-04 17:51:26
783,15.231816,N/A,N/A,1.96e-04,31341.10,2048.00,12845056,N/A,2025-08-04 17:51:26
784,12.642459,N/A,N/A,1.96e-04,31348.62,2048.00,12861440,N/A,2025-08-04 17:51:27
785,12.047309,N/A,N/A,1.97e-04,31340.28,2048.00,12877824,N/A,2025-08-04 17:51:28
786,13.714597,N/A,N/A,1.97e-04,31321.46,2048.00,12894208,N/A,2025-08-04 17:51:28
787,14.171605,N/A,N/A,1.97e-04,31306.07,2048.00,12910592,N/A,2025-08-04 17:51:29
788,13.882700,N/A,N/A,1.97e-04,31302.52,2048.00,12926976,N/A,2025-08-04 17:51:29
789,12.024616,N/A,N/A,1.98e-04,31419.20,2048.00,12943360,N/A,2025-08-04 17:51:30
790,14.163654,N/A,N/A,1.98e-04,31417.77,2048.00,12959744,0.4501,2025-08-04 17:51:30
791,10.302721,N/A,N/A,1.98e-04,31415.10,2048.00,12976128,N/A,2025-08-04 17:51:31
792,14.201382,N/A,N/A,1.98e-04,31394.99,2048.00,12992512,N/A,2025-08-04 17:51:32
793,12.757051,N/A,N/A,1.99e-04,31390.93,2048.00,13008896,N/A,2025-08-04 17:51:32
794,13.157604,N/A,N/A,1.99e-04,31404.99,2048.00,13025280,N/A,2025-08-04 17:51:33
795,14.238854,N/A,N/A,1.99e-04,31411.91,2048.00,13041664,N/A,2025-08-04 17:51:33
796,14.466249,N/A,N/A,1.99e-04,31422.71,2048.00,13058048,N/A,2025-08-04 17:51:34
797,14.705179,N/A,N/A,1.99e-04,31431.34,2048.00,13074432,N/A,2025-08-04 17:51:34
798,16.313875,N/A,N/A,2.00e-04,31453.12,2048.00,13090816,N/A,2025-08-04 17:51:35
799,13.787003,N/A,N/A,2.00e-04,31594.82,2048.00,13107200,N/A,2025-08-04 17:51:36
800,12.115877,N/A,N/A,2.00e-04,31450.37,2048.00,13123584,0.3543,2025-08-04 17:51:36
801,12.878265,N/A,N/A,2.01e-04,18381.53,2048.00,13139968,N/A,2025-08-04 17:51:40
802,13.150637,N/A,N/A,2.01e-04,18388.62,2048.00,13156352,N/A,2025-08-04 17:51:41
803,13.979731,N/A,N/A,2.01e-04,18387.35,2048.00,13172736,N/A,2025-08-04 17:51:42
804,14.306046,N/A,N/A,2.01e-04,18391.33,2048.00,13189120,N/A,2025-08-04 17:51:42
805,15.593607,N/A,N/A,2.02e-04,18396.36,2048.00,13205504,N/A,2025-08-04 17:51:43
806,15.405062,N/A,N/A,2.02e-04,18398.03,2048.00,13221888,N/A,2025-08-04 17:51:43
807,14.766331,N/A,N/A,2.02e-04,18397.47,2048.00,13238272,N/A,2025-08-04 17:51:44
808,15.113847,N/A,N/A,2.02e-04,18402.39,2048.00,13254656,N/A,2025-08-04 17:51:45
809,14.602534,N/A,N/A,2.03e-04,18454.08,2048.00,13271040,N/A,2025-08-04 17:51:45
810,14.100000,N/A,N/A,2.03e-04,31550.70,2048.00,13287424,0.3201,2025-08-04 17:51:46
811,11.892118,N/A,N/A,2.03e-04,31543.65,2048.00,13303808,N/A,2025-08-04 17:51:46
812,13.863037,N/A,N/A,2.03e-04,31552.14,2048.00,13320192,N/A,2025-08-04 17:51:47
813,11.913258,N/A,N/A,2.04e-04,31554.53,2048.00,13336576,N/A,2025-08-04 17:51:47
814,12.901655,N/A,N/A,2.04e-04,31544.51,2048.00,13352960,N/A,2025-08-04 17:51:48
815,14.317980,N/A,N/A,2.04e-04,31533.28,2048.00,13369344,N/A,2025-08-04 17:51:49
816,14.323158,N/A,N/A,2.04e-04,31541.87,2048.00,13385728,N/A,2025-08-04 17:51:49
817,15.355143,N/A,N/A,2.05e-04,31533.97,2048.00,13402112,N/A,2025-08-04 17:51:50
818,13.940983,N/A,N/A,2.05e-04,31537.74,2048.00,13418496,N/A,2025-08-04 17:51:50
819,16.030895,N/A,N/A,2.05e-04,31664.42,2048.00,13434880,N/A,2025-08-04 17:51:51
820,14.459858,N/A,N/A,2.05e-04,31522.77,2048.00,13451264,0.2101,2025-08-04 17:51:51
821,13.727036,N/A,N/A,2.06e-04,31495.25,2048.00,13467648,N/A,2025-08-04 17:51:52
822,14.147532,N/A,N/A,2.06e-04,31415.40,2048.00,13484032,N/A,2025-08-04 17:51:53
823,12.628314,N/A,N/A,2.06e-04,31300.35,2048.00,13500416,N/A,2025-08-04 17:51:53
824,13.718283,N/A,N/A,2.06e-04,31313.81,2048.00,13516800,N/A,2025-08-04 17:51:54
825,11.520580,N/A,N/A,2.07e-04,31312.72,2048.00,13533184,N/A,2025-08-04 17:51:54
826,12.768959,N/A,N/A,2.07e-04,31311.92,2048.00,13549568,N/A,2025-08-04 17:51:55
827,10.692779,N/A,N/A,2.07e-04,31307.08,2048.00,13565952,N/A,2025-08-04 17:51:56
828,13.859647,N/A,N/A,2.07e-04,31308.82,2048.00,13582336,N/A,2025-08-04 17:51:56
829,13.209383,N/A,N/A,2.08e-04,31435.32,2048.00,13598720,N/A,2025-08-04 17:51:57
830,13.146755,N/A,N/A,2.08e-04,31331.54,2048.00,13615104,0.3367,2025-08-04 17:51:57
831,13.222092,N/A,N/A,2.08e-04,31409.07,2048.00,13631488,N/A,2025-08-04 17:51:58
832,15.154433,N/A,N/A,2.08e-04,31526.82,2048.00,13647872,N/A,2025-08-04 17:51:58
833,13.988438,N/A,N/A,2.08e-04,31525.99,2048.00,13664256,N/A,2025-08-04 17:51:59
834,13.990522,N/A,N/A,2.09e-04,31529.42,2048.00,13680640,N/A,2025-08-04 17:52:00
835,11.356044,N/A,N/A,2.09e-04,31334.16,2048.00,13697024,N/A,2025-08-04 17:52:00
836,14.431360,N/A,N/A,2.09e-04,31331.98,2048.00,13713408,N/A,2025-08-04 17:52:01
837,14.953462,N/A,N/A,2.09e-04,31331.57,2048.00,13729792,N/A,2025-08-04 17:52:01
838,12.709242,N/A,N/A,2.10e-04,31336.99,2048.00,13746176,N/A,2025-08-04 17:52:02
839,13.663604,N/A,N/A,2.10e-04,31452.97,2048.00,13762560,N/A,2025-08-04 17:52:02
840,12.711185,N/A,N/A,2.10e-04,31315.11,2048.00,13778944,0.3718,2025-08-04 17:52:03
841,12.812822,N/A,N/A,2.10e-04,31313.24,2048.00,13795328,N/A,2025-08-04 17:52:04
842,14.075255,N/A,N/A,2.11e-04,31307.44,2048.00,13811712,N/A,2025-08-04 17:52:04
843,12.846978,N/A,N/A,2.11e-04,31304.58,2048.00,13828096,N/A,2025-08-04 17:52:05
844,13.851545,N/A,N/A,2.11e-04,31497.01,2048.00,13844480,N/A,2025-08-04 17:52:05
845,15.104059,N/A,N/A,2.11e-04,31500.22,2048.00,13860864,N/A,2025-08-04 17:52:06
846,13.678247,N/A,N/A,2.12e-04,31509.40,2048.00,13877248,N/A,2025-08-04 17:52:07
847,13.687092,N/A,N/A,2.12e-04,31514.21,2048.00,13893632,N/A,2025-08-04 17:52:07
848,14.746976,N/A,N/A,2.12e-04,31527.70,2048.00,13910016,N/A,2025-08-04 17:52:08
849,12.587585,N/A,N/A,2.12e-04,31667.45,2048.00,13926400,N/A,2025-08-04 17:52:08
850,12.802696,N/A,N/A,2.13e-04,31531.88,2048.00,13942784,0.3752,2025-08-04 17:52:09
851,11.909996,N/A,N/A,2.13e-04,31537.08,2048.00,13959168,N/A,2025-08-04 17:52:09
852,11.491335,N/A,N/A,2.13e-04,31534.95,2048.00,13975552,N/A,2025-08-04 17:52:10
853,11.302149,N/A,N/A,2.13e-04,31539.43,2048.00,13991936,N/A,2025-08-04 17:52:11
854,11.438109,N/A,N/A,2.14e-04,31526.43,2048.00,14008320,N/A,2025-08-04 17:52:11
855,10.469633,N/A,N/A,2.14e-04,31517.74,2048.00,14024704,N/A,2025-08-04 17:52:12
856,11.096595,N/A,N/A,2.14e-04,31501.64,2048.00,14041088,N/A,2025-08-04 17:52:12
857,11.855331,N/A,N/A,2.15e-04,31497.49,2048.00,14057472,N/A,2025-08-04 17:52:13
858,13.214142,N/A,N/A,2.15e-04,31492.86,2048.00,14073856,N/A,2025-08-04 17:52:13
859,12.182396,N/A,N/A,2.15e-04,31626.35,2048.00,14090240,N/A,2025-08-04 17:52:14
860,14.717606,N/A,N/A,2.15e-04,31496.41,2048.00,14106624,0.4334,2025-08-04 17:52:15
861,13.854248,N/A,N/A,2.16e-04,31503.85,2048.00,14123008,N/A,2025-08-04 17:52:15
862,13.578405,N/A,N/A,2.16e-04,31502.62,2048.00,14139392,N/A,2025-08-04 17:52:16
863,12.806041,N/A,N/A,2.16e-04,31515.94,2048.00,14155776,N/A,2025-08-04 17:52:16
864,12.980713,N/A,N/A,2.16e-04,31522.79,2048.00,14172160,N/A,2025-08-04 17:52:17
865,12.841009,N/A,N/A,2.17e-04,31535.49,2048.00,14188544,N/A,2025-08-04 17:52:17
866,13.042850,N/A,N/A,2.17e-04,31536.33,2048.00,14204928,N/A,2025-08-04 17:52:18
867,12.045424,N/A,N/A,2.17e-04,31544.61,2048.00,14221312,N/A,2025-08-04 17:52:19
868,13.064286,N/A,N/A,2.17e-04,31549.39,2048.00,14237696,N/A,2025-08-04 17:52:19
869,13.214393,N/A,N/A,2.18e-04,31660.79,2048.00,14254080,N/A,2025-08-04 17:52:20
870,14.411826,N/A,N/A,2.18e-04,31512.74,2048.00,14270464,0.3894,2025-08-04 17:52:20
871,13.696986,N/A,N/A,2.18e-04,31518.07,2048.00,14286848,N/A,2025-08-04 17:52:21
872,14.198668,N/A,N/A,2.18e-04,31515.14,2048.00,14303232,N/A,2025-08-04 17:52:22
873,13.734938,N/A,N/A,2.18e-04,31513.99,2048.00,14319616,N/A,2025-08-04 17:52:22
874,13.404640,N/A,N/A,2.19e-04,31496.79,2048.00,14336000,N/A,2025-08-04 17:52:23
875,13.879733,N/A,N/A,2.19e-04,31494.74,2048.00,14352384,N/A,2025-08-04 17:52:23
876,13.599647,N/A,N/A,2.19e-04,31491.23,2048.00,14368768,N/A,2025-08-04 17:52:24
877,13.371574,N/A,N/A,2.19e-04,31490.50,2048.00,14385152,N/A,2025-08-04 17:52:24
878,12.643093,N/A,N/A,2.20e-04,31505.51,2048.00,14401536,N/A,2025-08-04 17:52:25
879,13.134349,N/A,N/A,2.20e-04,31640.43,2048.00,14417920,N/A,2025-08-04 17:52:26
880,14.684635,N/A,N/A,2.20e-04,31501.99,2048.00,14434304,0.3330,2025-08-04 17:52:26
881,12.835170,N/A,N/A,2.20e-04,31506.16,2048.00,14450688,N/A,2025-08-04 17:52:27
882,13.014759,N/A,N/A,2.21e-04,31501.43,2048.00,14467072,N/A,2025-08-04 17:52:27
883,11.292778,N/A,N/A,2.21e-04,31519.23,2048.00,14483456,N/A,2025-08-04 17:52:28
884,14.428961,N/A,N/A,2.21e-04,31515.62,2048.00,14499840,N/A,2025-08-04 17:52:28
885,14.836147,N/A,N/A,2.21e-04,31519.74,2048.00,14516224,N/A,2025-08-04 17:52:29
886,13.811669,N/A,N/A,2.22e-04,31513.11,2048.00,14532608,N/A,2025-08-04 17:52:30
887,12.502617,N/A,N/A,2.22e-04,31513.50,2048.00,14548992,N/A,2025-08-04 17:52:30
888,14.489576,N/A,N/A,2.22e-04,31516.48,2048.00,14565376,N/A,2025-08-04 17:52:31
889,13.769539,N/A,N/A,2.23e-04,31644.64,2048.00,14581760,N/A,2025-08-04 17:52:31
890,11.184521,N/A,N/A,2.23e-04,31518.62,2048.00,14598144,0.2918,2025-08-04 17:52:32
891,12.086272,N/A,N/A,2.23e-04,31522.59,2048.00,14614528,N/A,2025-08-04 17:52:33
892,13.818757,N/A,N/A,2.23e-04,31522.22,2048.00,14630912,N/A,2025-08-04 17:52:33
893,14.095777,N/A,N/A,2.24e-04,31530.12,2048.00,14647296,N/A,2025-08-04 17:52:34
894,11.847451,N/A,N/A,2.24e-04,31528.80,2048.00,14663680,N/A,2025-08-04 17:52:34
895,13.457552,N/A,N/A,2.24e-04,31442.95,2048.00,14680064,N/A,2025-08-04 17:52:35
896,12.464916,N/A,N/A,2.24e-04,31444.46,2048.00,14696448,N/A,2025-08-04 17:52:35
897,11.440845,N/A,N/A,2.25e-04,31442.45,2048.00,14712832,N/A,2025-08-04 17:52:36
898,12.132317,N/A,N/A,2.25e-04,31444.71,2048.00,14729216,N/A,2025-08-04 17:52:37
899,13.912439,N/A,N/A,2.25e-04,31561.82,2048.00,14745600,N/A,2025-08-04 17:52:37
900,13.490489,N/A,N/A,2.25e-04,31413.41,2048.00,14761984,0.3018,2025-08-04 17:52:38
901,10.821293,N/A,N/A,2.26e-04,18479.72,2048.00,14778368,N/A,2025-08-04 17:52:42
902,14.006037,N/A,N/A,2.26e-04,18482.11,2048.00,14794752,N/A,2025-08-04 17:52:43
903,11.541079,N/A,N/A,2.26e-04,18484.25,2048.00,14811136,N/A,2025-08-04 17:52:43
904,12.686831,N/A,N/A,2.26e-04,18515.49,2048.00,14827520,N/A,2025-08-04 17:52:44
905,13.747515,N/A,N/A,2.27e-04,18517.03,2048.00,14843904,N/A,2025-08-04 17:52:44
906,10.283515,N/A,N/A,2.27e-04,18521.10,2048.00,14860288,N/A,2025-08-04 17:52:45
907,12.102070,N/A,N/A,2.27e-04,18524.35,2048.00,14876672,N/A,2025-08-04 17:52:45
908,11.608839,N/A,N/A,2.27e-04,18527.83,2048.00,14893056,N/A,2025-08-04 17:52:46
909,11.791128,N/A,N/A,2.28e-04,18577.55,2048.00,14909440,N/A,2025-08-04 17:52:47
910,14.064478,N/A,N/A,2.28e-04,31549.25,2048.00,14925824,0.4290,2025-08-04 17:52:47
911,13.384587,N/A,N/A,2.28e-04,31551.91,2048.00,14942208,N/A,2025-08-04 17:52:48
912,13.107307,N/A,N/A,2.28e-04,31547.83,2048.00,14958592,N/A,2025-08-04 17:52:48
913,14.174795,N/A,N/A,2.28e-04,31552.65,2048.00,14974976,N/A,2025-08-04 17:52:49
914,12.942537,N/A,N/A,2.29e-04,31541.31,2048.00,14991360,N/A,2025-08-04 17:52:49
915,12.669668,N/A,N/A,2.29e-04,31530.88,2048.00,15007744,N/A,2025-08-04 17:52:50
916,12.406918,N/A,N/A,2.29e-04,31526.35,2048.00,15024128,N/A,2025-08-04 17:52:51
917,12.629805,N/A,N/A,2.30e-04,31520.53,2048.00,15040512,N/A,2025-08-04 17:52:51
918,14.670686,N/A,N/A,2.30e-04,31527.79,2048.00,15056896,N/A,2025-08-04 17:52:52
919,14.055727,N/A,N/A,2.30e-04,31664.77,2048.00,15073280,N/A,2025-08-04 17:52:52
920,13.151308,N/A,N/A,2.30e-04,31488.96,2048.00,15089664,0.2839,2025-08-04 17:52:53
921,12.226890,N/A,N/A,2.31e-04,31488.17,2048.00,15106048,N/A,2025-08-04 17:52:54
922,12.538609,N/A,N/A,2.31e-04,31485.06,2048.00,15122432,N/A,2025-08-04 17:52:54
923,12.158848,N/A,N/A,2.31e-04,31486.90,2048.00,15138816,N/A,2025-08-04 17:52:55
924,13.505217,N/A,N/A,2.31e-04,31489.80,2048.00,15155200,N/A,2025-08-04 17:52:55
925,13.189258,N/A,N/A,2.32e-04,31483.88,2048.00,15171584,N/A,2025-08-04 17:52:56
926,11.086555,N/A,N/A,2.32e-04,31481.06,2048.00,15187968,N/A,2025-08-04 17:52:56
927,12.575090,N/A,N/A,2.32e-04,31473.98,2048.00,15204352,N/A,2025-08-04 17:52:57
928,13.600224,N/A,N/A,2.32e-04,31479.32,2048.00,15220736,N/A,2025-08-04 17:52:58
929,14.039361,N/A,N/A,2.33e-04,31638.75,2048.00,15237120,N/A,2025-08-04 17:52:58
930,13.013771,N/A,N/A,2.33e-04,31426.00,2048.00,15253504,0.3133,2025-08-04 17:52:59
931,12.909018,N/A,N/A,2.33e-04,31421.84,2048.00,15269888,N/A,2025-08-04 17:52:59
932,13.357619,N/A,N/A,2.33e-04,31421.31,2048.00,15286272,N/A,2025-08-04 17:53:00
933,13.226345,N/A,N/A,2.34e-04,31430.24,2048.00,15302656,N/A,2025-08-04 17:53:00
934,12.481668,N/A,N/A,2.34e-04,31436.59,2048.00,15319040,N/A,2025-08-04 17:53:01
935,11.386589,N/A,N/A,2.34e-04,31435.58,2048.00,15335424,N/A,2025-08-04 17:53:02
936,12.985187,N/A,N/A,2.34e-04,31428.89,2048.00,15351808,N/A,2025-08-04 17:53:02
937,10.989346,N/A,N/A,2.35e-04,31435.94,2048.00,15368192,N/A,2025-08-04 17:53:03
938,12.012745,N/A,N/A,2.35e-04,31434.99,2048.00,15384576,N/A,2025-08-04 17:53:03
939,13.376098,N/A,N/A,2.35e-04,31628.66,2048.00,15400960,N/A,2025-08-04 17:53:04
940,12.323847,N/A,N/A,2.35e-04,31385.30,2048.00,15417344,0.3886,2025-08-04 17:53:05
941,13.122341,N/A,N/A,2.36e-04,31385.24,2048.00,15433728,N/A,2025-08-04 17:53:05
942,14.940695,N/A,N/A,2.36e-04,31348.83,2048.00,15450112,N/A,2025-08-04 17:53:06
943,14.234924,N/A,N/A,2.36e-04,31350.93,2048.00,15466496,N/A,2025-08-04 17:53:06
944,12.964759,N/A,N/A,2.36e-04,31359.80,2048.00,15482880,N/A,2025-08-04 17:53:07
945,12.481846,N/A,N/A,2.37e-04,31363.32,2048.00,15499264,N/A,2025-08-04 17:53:07
946,13.346657,N/A,N/A,2.37e-04,31357.64,2048.00,15515648,N/A,2025-08-04 17:53:08
947,14.646297,N/A,N/A,2.37e-04,31356.12,2048.00,15532032,N/A,2025-08-04 17:53:09
948,13.812592,N/A,N/A,2.37e-04,31364.70,2048.00,15548416,N/A,2025-08-04 17:53:09
949,13.146715,N/A,N/A,2.38e-04,31592.94,2048.00,15564800,N/A,2025-08-04 17:53:10
950,13.988832,N/A,N/A,2.38e-04,31473.53,2048.00,15581184,0.3230,2025-08-04 17:53:10
951,14.443683,N/A,N/A,2.38e-04,31510.09,2048.00,15597568,N/A,2025-08-04 17:53:11
952,13.817762,N/A,N/A,2.38e-04,31505.38,2048.00,15613952,N/A,2025-08-04 17:53:11
953,15.380618,N/A,N/A,2.39e-04,31498.68,2048.00,15630336,N/A,2025-08-04 17:53:12
954,15.174264,N/A,N/A,2.39e-04,31501.86,2048.00,15646720,N/A,2025-08-04 17:53:13
955,12.302742,N/A,N/A,2.39e-04,31503.81,2048.00,15663104,N/A,2025-08-04 17:53:13
956,13.479230,N/A,N/A,2.39e-04,31505.96,2048.00,15679488,N/A,2025-08-04 17:53:14
957,14.059491,N/A,N/A,2.40e-04,31512.96,2048.00,15695872,N/A,2025-08-04 17:53:14
958,13.005199,N/A,N/A,2.40e-04,31530.75,2048.00,15712256,N/A,2025-08-04 17:53:15
959,15.230146,N/A,N/A,2.40e-04,31647.79,2048.00,15728640,N/A,2025-08-04 17:53:15
960,11.843044,N/A,N/A,2.40e-04,31506.41,2048.00,15745024,0.2524,2025-08-04 17:53:16
961,10.203135,N/A,N/A,2.40e-04,31497.36,2048.00,15761408,N/A,2025-08-04 17:53:17
962,12.779986,N/A,N/A,2.41e-04,31491.34,2048.00,15777792,N/A,2025-08-04 17:53:17
963,13.809762,N/A,N/A,2.41e-04,31494.57,2048.00,15794176,N/A,2025-08-04 17:53:18
964,15.298385,N/A,N/A,2.41e-04,31499.70,2048.00,15810560,N/A,2025-08-04 17:53:18
965,15.181445,N/A,N/A,2.41e-04,31503.74,2048.00,15826944,N/A,2025-08-04 17:53:19
966,13.694221,N/A,N/A,2.42e-04,31505.99,2048.00,15843328,N/A,2025-08-04 17:53:20
967,12.322350,N/A,N/A,2.42e-04,31498.06,2048.00,15859712,N/A,2025-08-04 17:53:20
968,14.883236,N/A,N/A,2.42e-04,31502.19,2048.00,15876096,N/A,2025-08-04 17:53:21
969,13.061565,N/A,N/A,2.42e-04,31632.73,2048.00,15892480,N/A,2025-08-04 17:53:21
970,15.339066,N/A,N/A,2.43e-04,31441.25,2048.00,15908864,0.3601,2025-08-04 17:53:22
971,12.957116,N/A,N/A,2.43e-04,31447.15,2048.00,15925248,N/A,2025-08-04 17:53:22
972,15.297039,N/A,N/A,2.43e-04,31442.45,2048.00,15941632,N/A,2025-08-04 17:53:23
973,12.607442,N/A,N/A,2.43e-04,31443.85,2048.00,15958016,N/A,2025-08-04 17:53:24
974,12.904720,N/A,N/A,2.44e-04,31444.85,2048.00,15974400,N/A,2025-08-04 17:53:24
975,12.789821,N/A,N/A,2.44e-04,31431.07,2048.00,15990784,N/A,2025-08-04 17:53:25
976,11.245783,N/A,N/A,2.44e-04,31434.67,2048.00,16007168,N/A,2025-08-04 17:53:25
977,13.002130,N/A,N/A,2.44e-04,31432.03,2048.00,16023552,N/A,2025-08-04 17:53:26
978,14.766644,N/A,N/A,2.45e-04,31430.81,2048.00,16039936,N/A,2025-08-04 17:53:26
979,14.994785,N/A,N/A,2.45e-04,31626.71,2048.00,16056320,N/A,2025-08-04 17:53:27
980,14.050127,N/A,N/A,2.45e-04,31489.77,2048.00,16072704,0.2871,2025-08-04 17:53:28
981,14.684148,N/A,N/A,2.46e-04,31499.18,2048.00,16089088,N/A,2025-08-04 17:53:28
982,13.329123,N/A,N/A,2.46e-04,31489.63,2048.00,16105472,N/A,2025-08-04 17:53:29
983,13.201592,N/A,N/A,2.46e-04,31485.73,2048.00,16121856,N/A,2025-08-04 17:53:29
984,15.765983,N/A,N/A,2.46e-04,31489.50,2048.00,16138240,N/A,2025-08-04 17:53:30
985,13.010916,N/A,N/A,2.46e-04,31497.77,2048.00,16154624,N/A,2025-08-04 17:53:31
986,15.073320,N/A,N/A,2.47e-04,31496.39,2048.00,16171008,N/A,2025-08-04 17:53:31
987,12.958891,N/A,N/A,2.47e-04,31388.12,2048.00,16187392,N/A,2025-08-04 17:53:32
988,12.760468,N/A,N/A,2.47e-04,31373.60,2048.00,16203776,N/A,2025-08-04 17:53:32
989,12.609554,N/A,N/A,2.47e-04,31498.74,2048.00,16220160,N/A,2025-08-04 17:53:33
990,14.378339,N/A,N/A,2.48e-04,31303.66,2048.00,16236544,0.3873,2025-08-04 17:53:33
991,12.837881,N/A,N/A,2.48e-04,31309.16,2048.00,16252928,N/A,2025-08-04 17:53:34
992,12.733627,N/A,N/A,2.48e-04,31308.78,2048.00,16269312,N/A,2025-08-04 17:53:35
993,12.610718,N/A,N/A,2.49e-04,31297.25,2048.00,16285696,N/A,2025-08-04 17:53:35
994,14.740499,N/A,N/A,2.49e-04,31282.58,2048.00,16302080,N/A,2025-08-04 17:53:36
995,13.149172,N/A,N/A,2.49e-04,31290.60,2048.00,16318464,N/A,2025-08-04 17:53:36
996,13.704856,N/A,N/A,2.49e-04,31393.51,2048.00,16334848,N/A,2025-08-04 17:53:37
997,14.005836,N/A,N/A,2.49e-04,31409.27,2048.00,16351232,N/A,2025-08-04 17:53:37
998,13.119231,N/A,N/A,2.50e-04,31425.75,2048.00,16367616,N/A,2025-08-04 17:53:38
999,15.112690,N/A,N/A,2.50e-04,31595.09,2048.00,16384000,N/A,2025-08-04 17:53:39
1000,14.653227,N/A,N/A,2.50e-04,31461.34,2048.00,16400384,0.3094,2025-08-04 17:53:39
1001,14.208070,N/A,N/A,2.51e-04,18069.62,2048.00,16416768,N/A,2025-08-04 17:53:44
1002,12.300529,N/A,N/A,2.51e-04,18082.45,2048.00,16433152,N/A,2025-08-04 17:53:44
1003,11.615883,N/A,N/A,2.51e-04,18089.00,2048.00,16449536,N/A,2025-08-04 17:53:45
1004,10.535147,N/A,N/A,2.51e-04,18090.97,2048.00,16465920,N/A,2025-08-04 17:53:45
1005,14.053178,N/A,N/A,2.51e-04,18098.63,2048.00,16482304,N/A,2025-08-04 17:53:46
1006,12.665520,N/A,N/A,2.52e-04,18101.22,2048.00,16498688,N/A,2025-08-04 17:53:47
1007,12.146806,N/A,N/A,2.52e-04,18101.74,2048.00,16515072,N/A,2025-08-04 17:53:47
1008,12.628789,N/A,N/A,2.52e-04,18106.95,2048.00,16531456,N/A,2025-08-04 17:53:48
1009,14.090096,N/A,N/A,2.53e-04,18154.75,2048.00,16547840,N/A,2025-08-04 17:53:48
1010,12.314954,N/A,N/A,2.53e-04,31582.24,2048.00,16564224,0.3206,2025-08-04 17:53:49
1011,11.690765,N/A,N/A,2.53e-04,31571.52,2048.00,16580608,N/A,2025-08-04 17:53:49
1012,13.462917,N/A,N/A,2.53e-04,31569.11,2048.00,16596992,N/A,2025-08-04 17:53:50
1013,12.894816,N/A,N/A,2.53e-04,31572.83,2048.00,16613376,N/A,2025-08-04 17:53:51
1014,12.884243,N/A,N/A,2.54e-04,31567.66,2048.00,16629760,N/A,2025-08-04 17:53:51
1015,10.141772,N/A,N/A,2.54e-04,31563.43,2048.00,16646144,N/A,2025-08-04 17:53:52
1016,15.206384,N/A,N/A,2.54e-04,31564.12,2048.00,16662528,N/A,2025-08-04 17:53:52
1017,13.920950,N/A,N/A,2.55e-04,31573.13,2048.00,16678912,N/A,2025-08-04 17:53:53
1018,16.042225,N/A,N/A,2.55e-04,31571.53,2048.00,16695296,N/A,2025-08-04 17:53:53
1019,14.485677,N/A,N/A,2.55e-04,31722.73,2048.00,16711680,N/A,2025-08-04 17:53:54
1020,13.936287,N/A,N/A,2.55e-04,31578.76,2048.00,16728064,0.3538,2025-08-04 17:53:55
1021,15.074611,N/A,N/A,2.56e-04,31576.67,2048.00,16744448,N/A,2025-08-04 17:53:55
1022,11.645420,N/A,N/A,2.56e-04,31576.76,2048.00,16760832,N/A,2025-08-04 17:53:56
1023,13.114641,N/A,N/A,2.56e-04,31575.87,2048.00,16777216,N/A,2025-08-04 17:53:56
1024,14.092926,N/A,N/A,2.56e-04,31584.92,2048.00,16793600,N/A,2025-08-04 17:53:57
1025,15.084379,N/A,N/A,2.57e-04,31582.26,2048.00,16809984,N/A,2025-08-04 17:53:57
1026,13.449286,N/A,N/A,2.57e-04,31575.55,2048.00,16826368,N/A,2025-08-04 17:53:58
1027,12.604346,N/A,N/A,2.57e-04,31568.67,2048.00,16842752,N/A,2025-08-04 17:53:59
1028,12.240806,N/A,N/A,2.57e-04,31555.95,2048.00,16859136,N/A,2025-08-04 17:53:59
1029,14.013325,N/A,N/A,2.58e-04,31681.28,2048.00,16875520,N/A,2025-08-04 17:54:00
1030,13.763348,N/A,N/A,2.58e-04,31517.56,2048.00,16891904,0.2996,2025-08-04 17:54:00
1031,15.582714,N/A,N/A,2.58e-04,31518.78,2048.00,16908288,N/A,2025-08-04 17:54:01
1032,11.192612,N/A,N/A,2.58e-04,31517.62,2048.00,16924672,N/A,2025-08-04 17:54:02
1033,13.720049,N/A,N/A,2.58e-04,31513.06,2048.00,16941056,N/A,2025-08-04 17:54:02
1034,15.268229,N/A,N/A,2.59e-04,31513.91,2048.00,16957440,N/A,2025-08-04 17:54:03
1035,13.925009,N/A,N/A,2.59e-04,31521.48,2048.00,16973824,N/A,2025-08-04 17:54:03
1036,12.502083,N/A,N/A,2.59e-04,31521.91,2048.00,16990208,N/A,2025-08-04 17:54:04
1037,12.030218,N/A,N/A,2.60e-04,31535.64,2048.00,17006592,N/A,2025-08-04 17:54:04
1038,13.005511,N/A,N/A,2.60e-04,31546.50,2048.00,17022976,N/A,2025-08-04 17:54:05
1039,11.868860,N/A,N/A,2.60e-04,31700.86,2048.00,17039360,N/A,2025-08-04 17:54:06
1040,12.902550,N/A,N/A,2.60e-04,31556.18,2048.00,17055744,0.4068,2025-08-04 17:54:06
1041,12.070141,N/A,N/A,2.60e-04,31555.13,2048.00,17072128,N/A,2025-08-04 17:54:07
1042,15.107376,N/A,N/A,2.61e-04,31556.03,2048.00,17088512,N/A,2025-08-04 17:54:07
1043,14.620507,N/A,N/A,2.61e-04,31560.27,2048.00,17104896,N/A,2025-08-04 17:54:08
1044,15.500599,N/A,N/A,2.61e-04,31564.81,2048.00,17121280,N/A,2025-08-04 17:54:08
1045,14.359823,N/A,N/A,2.62e-04,31562.78,2048.00,17137664,N/A,2025-08-04 17:54:09
1046,13.902644,N/A,N/A,2.62e-04,31556.63,2048.00,17154048,N/A,2025-08-04 17:54:10
1047,16.048153,N/A,N/A,2.62e-04,31559.79,2048.00,17170432,N/A,2025-08-04 17:54:10
1048,15.805868,N/A,N/A,2.62e-04,31575.19,2048.00,17186816,N/A,2025-08-04 17:54:11
1049,14.109930,N/A,N/A,2.63e-04,31710.78,2048.00,17203200,N/A,2025-08-04 17:54:11
1050,15.736057,N/A,N/A,2.63e-04,31532.57,2048.00,17219584,0.3178,2025-08-04 17:54:12
1051,14.460173,N/A,N/A,2.63e-04,31529.81,2048.00,17235968,N/A,2025-08-04 17:54:12
1052,14.360333,N/A,N/A,2.63e-04,31529.54,2048.00,17252352,N/A,2025-08-04 17:54:13
1053,13.861572,N/A,N/A,2.64e-04,31526.55,2048.00,17268736,N/A,2025-08-04 17:54:14
1054,15.019245,N/A,N/A,2.64e-04,31525.96,2048.00,17285120,N/A,2025-08-04 17:54:14
1055,14.256924,N/A,N/A,2.64e-04,31518.12,2048.00,17301504,N/A,2025-08-04 17:54:15
1056,15.580040,N/A,N/A,2.64e-04,31517.68,2048.00,17317888,N/A,2025-08-04 17:54:15
1057,11.800026,N/A,N/A,2.65e-04,31512.30,2048.00,17334272,N/A,2025-08-04 17:54:16
1058,14.385950,N/A,N/A,2.65e-04,31503.97,2048.00,17350656,N/A,2025-08-04 17:54:17
1059,11.513971,N/A,N/A,2.65e-04,31679.32,2048.00,17367040,N/A,2025-08-04 17:54:17
1060,12.781581,N/A,N/A,2.65e-04,31508.83,2048.00,17383424,0.3946,2025-08-04 17:54:18
1061,14.934879,N/A,N/A,2.66e-04,31505.43,2048.00,17399808,N/A,2025-08-04 17:54:18
1062,16.533108,N/A,N/A,2.66e-04,31503.92,2048.00,17416192,N/A,2025-08-04 17:54:19
1063,11.050772,N/A,N/A,2.66e-04,31510.47,2048.00,17432576,N/A,2025-08-04 17:54:19
1064,14.252899,N/A,N/A,2.66e-04,31515.24,2048.00,17448960,N/A,2025-08-04 17:54:20
1065,15.736639,N/A,N/A,2.67e-04,31506.67,2048.00,17465344,N/A,2025-08-04 17:54:21
1066,14.980978,N/A,N/A,2.67e-04,31505.43,2048.00,17481728,N/A,2025-08-04 17:54:21
1067,12.995813,N/A,N/A,2.67e-04,31505.19,2048.00,17498112,N/A,2025-08-04 17:54:22
1068,14.477717,N/A,N/A,2.67e-04,31508.00,2048.00,17514496,N/A,2025-08-04 17:54:22
1069,14.889514,N/A,N/A,2.67e-04,31668.18,2048.00,17530880,N/A,2025-08-04 17:54:23
1070,14.938974,N/A,N/A,2.68e-04,31536.99,2048.00,17547264,0.4012,2025-08-04 17:54:23
1071,12.666380,N/A,N/A,2.68e-04,31533.46,2048.00,17563648,N/A,2025-08-04 17:54:24
1072,10.967400,N/A,N/A,2.68e-04,31528.85,2048.00,17580032,N/A,2025-08-04 17:54:25
1073,12.106092,N/A,N/A,2.69e-04,31530.18,2048.00,17596416,N/A,2025-08-04 17:54:25
1074,13.597526,N/A,N/A,2.69e-04,31532.37,2048.00,17612800,N/A,2025-08-04 17:54:26
1075,11.612296,N/A,N/A,2.69e-04,31537.26,2048.00,17629184,N/A,2025-08-04 17:54:26
1076,11.875465,N/A,N/A,2.69e-04,31537.12,2048.00,17645568,N/A,2025-08-04 17:54:27
1077,13.771480,N/A,N/A,2.69e-04,31518.55,2048.00,17661952,N/A,2025-08-04 17:54:27
1078,13.497409,N/A,N/A,2.70e-04,31522.21,2048.00,17678336,N/A,2025-08-04 17:54:28
1079,14.701376,N/A,N/A,2.70e-04,31642.47,2048.00,17694720,N/A,2025-08-04 17:54:29
1080,15.536901,N/A,N/A,2.70e-04,31506.38,2048.00,17711104,0.3306,2025-08-04 17:54:29
1081,14.661309,N/A,N/A,2.71e-04,31509.43,2048.00,17727488,N/A,2025-08-04 17:54:30
1082,15.891664,N/A,N/A,2.71e-04,31515.55,2048.00,17743872,N/A,2025-08-04 17:54:30
1083,12.469041,N/A,N/A,2.71e-04,31522.00,2048.00,17760256,N/A,2025-08-04 17:54:31
1084,13.193416,N/A,N/A,2.71e-04,31510.62,2048.00,17776640,N/A,2025-08-04 17:54:32
1085,14.105195,N/A,N/A,2.72e-04,31518.87,2048.00,17793024,N/A,2025-08-04 17:54:32
1086,14.097010,N/A,N/A,2.72e-04,31535.18,2048.00,17809408,N/A,2025-08-04 17:54:33
1087,14.031442,N/A,N/A,2.72e-04,31541.43,2048.00,17825792,N/A,2025-08-04 17:54:33
1088,15.089101,N/A,N/A,2.72e-04,31557.07,2048.00,17842176,N/A,2025-08-04 17:54:34
1089,12.743912,N/A,N/A,2.73e-04,31692.11,2048.00,17858560,N/A,2025-08-04 17:54:34
1090,11.485806,N/A,N/A,2.73e-04,31536.98,2048.00,17874944,0.3843,2025-08-04 17:54:35
1091,14.144412,N/A,N/A,2.73e-04,31529.92,2048.00,17891328,N/A,2025-08-04 17:54:36
1092,14.411920,N/A,N/A,2.73e-04,31529.13,2048.00,17907712,N/A,2025-08-04 17:54:36
1093,15.710592,N/A,N/A,2.74e-04,31542.85,2048.00,17924096,N/A,2025-08-04 17:54:37
1094,13.159695,N/A,N/A,2.74e-04,31538.76,2048.00,17940480,N/A,2025-08-04 17:54:37
1095,14.253889,N/A,N/A,2.74e-04,31530.80,2048.00,17956864,N/A,2025-08-04 17:54:38
1096,12.103023,N/A,N/A,2.74e-04,31539.29,2048.00,17973248,N/A,2025-08-04 17:54:38
1097,11.738383,N/A,N/A,2.75e-04,31526.67,2048.00,17989632,N/A,2025-08-04 17:54:39
1098,13.786100,N/A,N/A,2.75e-04,31523.27,2048.00,18006016,N/A,2025-08-04 17:54:40
1099,11.572667,N/A,N/A,2.75e-04,31664.20,2048.00,18022400,N/A,2025-08-04 17:54:40
1100,14.527159,N/A,N/A,2.75e-04,31526.77,2048.00,18038784,0.4117,2025-08-04 17:54:41
