step,train_loss,val_loss,val_perplexity,learning_rate,tokens_per_sec,tokens_per_sec_per_M_params,total_tokens,grad_norm,timestamp
0,13.208858,N/A,N/A,2.50e-07,0.00,0.00,8192,N/A,2025-08-02 17:02:05
1,12.990314,N/A,N/A,5.00e-07,2384.94,9.93,16384,N/A,2025-08-02 17:02:12
2,13.213399,N/A,N/A,7.50e-07,2732.46,11.38,24576,N/A,2025-08-02 17:02:14
3,13.407907,N/A,N/A,1.00e-06,2961.79,12.34,32768,N/A,2025-08-02 17:02:16
4,12.570812,N/A,N/A,1.25e-06,3149.22,13.12,40960,N/A,2025-08-02 17:02:18
5,12.456942,N/A,N/A,1.50e-06,3244.61,13.51,49152,N/A,2025-08-02 17:02:20
6,12.107039,N/A,N/A,1.75e-06,3318.82,13.82,57344,N/A,2025-08-02 17:02:22
7,11.991061,N/A,N/A,2.00e-06,3371.25,14.04,65536,N/A,2025-08-02 17:02:24
8,11.655449,N/A,N/A,2.25e-06,3399.94,14.16,73728,N/A,2025-08-02 17:02:27
9,11.076598,N/A,N/A,2.50e-06,3437.79,14.32,81920,N/A,2025-08-02 17:02:29
10,10.704431,N/A,N/A,2.75e-06,4279.84,17.83,90112,74.8389,2025-08-02 17:02:31
11,10.070969,N/A,N/A,3.00e-06,4320.47,18.00,98304,N/A,2025-08-02 17:02:33
12,9.379935,N/A,N/A,3.25e-06,4376.42,18.23,106496,N/A,2025-08-02 17:02:35
13,8.561913,N/A,N/A,3.50e-06,4352.40,18.13,114688,N/A,2025-08-02 17:02:37
14,10.146243,N/A,N/A,3.75e-06,4365.53,18.18,122880,N/A,2025-08-02 17:02:39
15,10.021674,N/A,N/A,4.00e-06,4389.04,18.28,131072,N/A,2025-08-02 17:02:41
16,7.599189,N/A,N/A,4.25e-06,4432.36,18.46,139264,N/A,2025-08-02 17:02:43
17,7.260051,N/A,N/A,4.50e-06,4454.31,18.55,147456,N/A,2025-08-02 17:02:45
18,4.635072,N/A,N/A,4.75e-06,4451.73,18.54,155648,N/A,2025-08-02 17:02:47
19,5.336353,N/A,N/A,5.00e-06,4498.63,18.74,163840,N/A,2025-08-02 17:02:49
20,6.960055,N/A,N/A,5.25e-06,4435.88,18.48,172032,50.8510,2025-08-02 17:02:51
21,6.840919,N/A,N/A,5.50e-06,4412.49,18.38,180224,N/A,2025-08-02 17:02:53
22,8.216577,N/A,N/A,5.75e-06,4470.87,18.62,188416,N/A,2025-08-02 17:02:55
23,5.934613,N/A,N/A,6.00e-06,4537.96,18.90,196608,N/A,2025-08-02 17:02:57
24,6.275404,N/A,N/A,6.25e-06,4509.30,18.78,204800,N/A,2025-08-02 17:02:59
25,4.687080,N/A,N/A,6.50e-06,4502.43,18.75,212992,N/A,2025-08-02 17:03:01
26,5.153432,N/A,N/A,6.75e-06,4522.21,18.84,221184,N/A,2025-08-02 17:03:03
27,5.280622,N/A,N/A,7.00e-06,4617.13,19.23,229376,N/A,2025-08-02 17:03:05
28,3.392662,N/A,N/A,7.25e-06,4624.98,19.26,237568,N/A,2025-08-02 17:03:07
29,3.672174,N/A,N/A,7.50e-06,4651.69,19.38,245760,N/A,2025-08-02 17:03:09
30,7.450512,N/A,N/A,7.75e-06,4651.83,19.38,253952,5.1704,2025-08-02 17:03:11
31,7.808976,N/A,N/A,8.00e-06,4604.52,19.18,262144,N/A,2025-08-02 17:03:13
32,4.887506,N/A,N/A,8.25e-06,4565.63,19.02,270336,N/A,2025-08-02 17:03:15
33,6.424111,N/A,N/A,8.50e-06,4559.15,18.99,278528,N/A,2025-08-02 17:03:17
34,5.213655,N/A,N/A,8.75e-06,4628.39,19.28,286720,N/A,2025-08-02 17:03:19
35,3.544193,N/A,N/A,9.00e-06,4693.68,19.55,294912,N/A,2025-08-02 17:03:21
36,5.721996,N/A,N/A,9.25e-06,4647.65,19.36,303104,N/A,2025-08-02 17:03:23
37,4.279386,N/A,N/A,9.50e-06,4619.69,19.24,311296,N/A,2025-08-02 17:03:25
38,6.171905,N/A,N/A,9.75e-06,4704.70,19.60,319488,N/A,2025-08-02 17:03:26
39,2.407582,N/A,N/A,1.00e-05,4725.97,19.69,327680,N/A,2025-08-02 17:03:28
40,6.941889,N/A,N/A,1.03e-05,4689.13,19.53,335872,2.7536,2025-08-02 17:03:30
41,5.154719,N/A,N/A,1.05e-05,4765.37,19.85,344064,N/A,2025-08-02 17:03:32
42,5.432190,N/A,N/A,1.08e-05,4877.98,20.32,352256,N/A,2025-08-02 17:03:34
43,3.330316,N/A,N/A,1.10e-05,4885.15,20.35,360448,N/A,2025-08-02 17:03:36
44,4.966641,N/A,N/A,1.12e-05,4883.08,20.34,368640,N/A,2025-08-02 17:03:37
45,5.035785,N/A,N/A,1.15e-05,4944.64,20.60,376832,N/A,2025-08-02 17:03:39
46,6.534408,N/A,N/A,1.17e-05,5028.11,20.94,385024,N/A,2025-08-02 17:03:41
47,2.492539,N/A,N/A,1.20e-05,4983.14,20.76,393216,N/A,2025-08-02 17:03:43
48,2.084831,N/A,N/A,1.23e-05,4929.90,20.53,401408,N/A,2025-08-02 17:03:45
49,5.304556,N/A,N/A,1.25e-05,4903.75,20.43,409600,N/A,2025-08-02 17:03:47
50,6.442273,N/A,N/A,1.28e-05,4785.97,19.94,417792,2.6907,2025-08-02 17:03:49
51,6.897341,N/A,N/A,1.30e-05,4702.44,19.59,425984,N/A,2025-08-02 17:03:51
52,3.954969,N/A,N/A,1.33e-05,4607.43,19.19,434176,N/A,2025-08-02 17:03:53
53,5.901056,N/A,N/A,1.35e-05,4551.17,18.96,442368,N/A,2025-08-02 17:03:55
54,4.469698,N/A,N/A,1.38e-05,4497.52,18.73,450560,N/A,2025-08-02 17:03:57
55,9.494925,N/A,N/A,1.40e-05,4413.18,18.38,458752,N/A,2025-08-02 17:03:59
56,4.818057,N/A,N/A,1.43e-05,4378.78,18.24,466944,N/A,2025-08-02 17:04:02
57,6.628051,N/A,N/A,1.45e-05,4329.96,18.04,475136,N/A,2025-08-02 17:04:04
58,5.248619,N/A,N/A,1.48e-05,4360.64,18.16,483328,N/A,2025-08-02 17:04:06
59,3.329502,N/A,N/A,1.50e-05,4422.48,18.42,491520,N/A,2025-08-02 17:04:08
60,4.123768,N/A,N/A,1.52e-05,4419.30,18.41,499712,1.7314,2025-08-02 17:04:10
61,3.688040,N/A,N/A,1.55e-05,4415.58,18.39,507904,N/A,2025-08-02 17:04:12
62,6.416962,N/A,N/A,1.57e-05,4397.52,18.32,516096,N/A,2025-08-02 17:04:14
63,5.221919,N/A,N/A,1.60e-05,4367.61,18.19,524288,N/A,2025-08-02 17:04:16
64,4.475806,N/A,N/A,1.63e-05,4385.68,18.27,532480,N/A,2025-08-02 17:04:18
65,5.908777,N/A,N/A,1.65e-05,4376.10,18.23,540672,N/A,2025-08-02 17:04:20
66,5.232252,N/A,N/A,1.68e-05,4403.56,18.34,548864,N/A,2025-08-02 17:04:22
67,7.245785,N/A,N/A,1.70e-05,4347.30,18.11,557056,N/A,2025-08-02 17:04:25
68,3.445121,N/A,N/A,1.73e-05,4290.68,17.87,565248,N/A,2025-08-02 17:04:27
69,6.201710,N/A,N/A,1.75e-05,4301.78,17.92,573440,N/A,2025-08-02 17:04:29
70,8.105766,N/A,N/A,1.78e-05,4300.94,17.91,581632,2.4324,2025-08-02 17:04:31
71,4.310850,N/A,N/A,1.80e-05,4289.64,17.87,589824,N/A,2025-08-02 17:04:33
72,3.312488,N/A,N/A,1.82e-05,4283.60,17.84,598016,N/A,2025-08-02 17:04:35
73,3.802353,N/A,N/A,1.85e-05,4292.73,17.88,606208,N/A,2025-08-02 17:04:37
74,4.385362,N/A,N/A,1.87e-05,4307.01,17.94,614400,N/A,2025-08-02 17:04:39
75,3.442110,N/A,N/A,1.90e-05,4318.62,17.99,622592,N/A,2025-08-02 17:04:41
76,5.524788,N/A,N/A,1.93e-05,4372.07,18.21,630784,N/A,2025-08-02 17:04:43
77,2.736038,N/A,N/A,1.95e-05,4407.69,18.36,638976,N/A,2025-08-02 17:04:45
78,2.208267,N/A,N/A,1.97e-05,4416.87,18.40,647168,N/A,2025-08-02 17:04:47
79,5.571734,N/A,N/A,2.00e-05,4381.96,18.25,655360,N/A,2025-08-02 17:04:50
80,6.810166,N/A,N/A,2.03e-05,4400.47,18.33,663552,1.6436,2025-08-02 17:04:52
81,3.477489,N/A,N/A,2.05e-05,4384.73,18.26,671744,N/A,2025-08-02 17:04:54
82,4.088847,N/A,N/A,2.07e-05,4353.88,18.14,679936,N/A,2025-08-02 17:04:56
83,3.422822,N/A,N/A,2.10e-05,4343.94,18.09,688128,N/A,2025-08-02 17:04:58
84,1.558655,N/A,N/A,2.13e-05,4327.57,18.03,696320,N/A,2025-08-02 17:05:00
85,3.249408,N/A,N/A,2.15e-05,4340.12,18.08,704512,N/A,2025-08-02 17:05:02
86,3.911742,N/A,N/A,2.18e-05,4271.17,17.79,712704,N/A,2025-08-02 17:05:05
87,5.116723,N/A,N/A,2.20e-05,4267.91,17.78,720896,N/A,2025-08-02 17:05:07
88,4.380827,N/A,N/A,2.22e-05,4277.81,17.82,729088,N/A,2025-08-02 17:05:09
89,4.150715,N/A,N/A,2.25e-05,4255.58,17.73,737280,N/A,2025-08-02 17:05:11
90,2.689980,N/A,N/A,2.28e-05,4321.29,18.00,745472,1.1200,2025-08-02 17:05:13
91,5.942940,N/A,N/A,2.30e-05,4309.20,17.95,753664,N/A,2025-08-02 17:05:15
92,1.334629,N/A,N/A,2.32e-05,4319.35,17.99,761856,N/A,2025-08-02 17:05:17
93,4.123289,N/A,N/A,2.35e-05,4328.08,18.03,770048,N/A,2025-08-02 17:05:19
94,4.018175,N/A,N/A,2.38e-05,4330.57,18.04,778240,N/A,2025-08-02 17:05:21
95,3.052824,N/A,N/A,2.40e-05,4355.38,18.14,786432,N/A,2025-08-02 17:05:23
96,5.178191,N/A,N/A,2.42e-05,4342.81,18.09,794624,N/A,2025-08-02 17:05:25
97,3.638331,N/A,N/A,2.45e-05,4364.52,18.18,802816,N/A,2025-08-02 17:05:28
98,4.332094,N/A,N/A,2.48e-05,4404.28,18.35,811008,N/A,2025-08-02 17:05:30
99,2.929973,N/A,N/A,2.50e-05,4392.48,18.30,819200,N/A,2025-08-02 17:05:32
100,3.120432,N/A,N/A,2.53e-05,4408.35,18.36,827392,0.7537,2025-08-02 17:05:34
101,4.971262,N/A,N/A,2.55e-05,946.97,2.67,835584,N/A,2025-08-02 17:38:32
102,6.955479,N/A,N/A,2.58e-05,947.05,2.67,843776,N/A,2025-08-02 17:38:39
103,2.657823,N/A,N/A,2.60e-05,946.02,2.66,851968,N/A,2025-08-02 17:38:47
104,1.813006,N/A,N/A,2.62e-05,941.42,2.65,860160,N/A,2025-08-02 17:38:55
105,3.891878,N/A,N/A,2.65e-05,943.34,2.66,868352,N/A,2025-08-02 17:39:02
106,5.380940,N/A,N/A,2.67e-05,941.83,2.65,876544,N/A,2025-08-02 17:39:10
107,5.954584,N/A,N/A,2.70e-05,938.72,2.64,884736,N/A,2025-08-02 17:39:17
108,6.066058,N/A,N/A,2.72e-05,941.31,2.65,892928,N/A,2025-08-02 17:39:24
109,3.386249,N/A,N/A,2.75e-05,939.94,2.65,901120,N/A,2025-08-02 17:39:32
110,4.604560,N/A,N/A,2.78e-05,1208.95,3.40,909312,1.1958,2025-08-02 17:39:40
111,4.518950,N/A,N/A,2.80e-05,1206.77,3.40,917504,N/A,2025-08-02 17:39:47
112,4.357860,N/A,N/A,2.83e-05,1197.84,3.37,925696,N/A,2025-08-02 17:39:55
113,3.137188,N/A,N/A,2.85e-05,1202.33,3.38,933888,N/A,2025-08-02 17:40:03
114,4.496510,N/A,N/A,2.88e-05,1203.64,3.39,942080,N/A,2025-08-02 17:40:10
115,4.678024,N/A,N/A,2.90e-05,1207.04,3.40,950272,N/A,2025-08-02 17:40:18
116,4.149075,N/A,N/A,2.93e-05,1205.32,3.39,958464,N/A,2025-08-02 17:40:25
117,5.297027,N/A,N/A,2.95e-05,1200.77,3.38,966656,N/A,2025-08-02 17:40:33
118,3.503079,N/A,N/A,2.98e-05,1204.53,3.39,974848,N/A,2025-08-02 17:40:40
119,5.092966,N/A,N/A,3.00e-05,1207.98,3.40,983040,N/A,2025-08-02 17:40:48
120,7.573055,N/A,N/A,3.03e-05,1212.75,3.41,991232,1.2083,2025-08-02 17:40:55
121,4.289654,N/A,N/A,3.05e-05,1228.50,3.46,999424,N/A,2025-08-02 17:41:02
122,6.824473,N/A,N/A,3.08e-05,1224.83,3.45,1007616,N/A,2025-08-02 17:41:10
123,3.709594,N/A,N/A,3.10e-05,1228.01,3.46,1015808,N/A,2025-08-02 17:41:17
124,3.461131,N/A,N/A,3.13e-05,1229.98,3.46,1024000,N/A,2025-08-02 17:41:24
125,3.152576,N/A,N/A,3.15e-05,1236.80,3.48,1032192,N/A,2025-08-02 17:41:31
126,5.564109,N/A,N/A,3.17e-05,1238.42,3.49,1040384,N/A,2025-08-02 17:41:39
127,4.919237,N/A,N/A,3.20e-05,1239.03,3.49,1048576,N/A,2025-08-02 17:41:46
128,4.528619,N/A,N/A,3.22e-05,1243.41,3.50,1056768,N/A,2025-08-02 17:41:53
129,6.407366,N/A,N/A,3.25e-05,1237.86,3.48,1064960,N/A,2025-08-02 17:42:01
130,2.936055,N/A,N/A,3.28e-05,1232.91,3.47,1073152,1.2180,2025-08-02 17:42:08
131,4.057055,N/A,N/A,3.30e-05,1237.18,3.48,1081344,N/A,2025-08-02 17:42:16
132,4.892148,N/A,N/A,3.33e-05,1234.44,3.47,1089536,N/A,2025-08-02 17:42:23
133,2.473336,N/A,N/A,3.35e-05,1226.45,3.45,1097728,N/A,2025-08-02 17:42:31
134,4.119355,N/A,N/A,3.38e-05,1222.41,3.44,1105920,N/A,2025-08-02 17:42:38
135,6.268571,N/A,N/A,3.40e-05,1219.46,3.43,1114112,N/A,2025-08-02 17:42:46
136,5.778592,N/A,N/A,3.43e-05,1216.11,3.42,1122304,N/A,2025-08-02 17:42:53
137,5.223923,N/A,N/A,3.45e-05,1212.52,3.41,1130496,N/A,2025-08-02 17:43:01
138,5.243952,N/A,N/A,3.48e-05,1211.93,3.41,1138688,N/A,2025-08-02 17:43:09
139,5.830162,N/A,N/A,3.50e-05,1214.97,3.42,1146880,N/A,2025-08-02 17:43:16
140,3.208379,N/A,N/A,3.53e-05,1215.94,3.42,1155072,1.3342,2025-08-02 17:43:23
141,4.004630,N/A,N/A,3.55e-05,1214.90,3.42,1163264,N/A,2025-08-02 17:43:31
142,3.161560,N/A,N/A,3.58e-05,1224.31,3.45,1171456,N/A,2025-08-02 17:43:38
143,3.299700,N/A,N/A,3.60e-05,1223.92,3.45,1179648,N/A,2025-08-02 17:43:45
144,5.207964,N/A,N/A,3.63e-05,1228.80,3.46,1187840,N/A,2025-08-02 17:43:53
145,3.923317,N/A,N/A,3.65e-05,1231.53,3.47,1196032,N/A,2025-08-02 17:44:00
146,4.388441,N/A,N/A,3.67e-05,1236.26,3.48,1204224,N/A,2025-08-02 17:44:07
147,2.160951,N/A,N/A,3.70e-05,1241.12,3.49,1212416,N/A,2025-08-02 17:44:15
148,4.377895,N/A,N/A,3.72e-05,1233.70,3.47,1220608,N/A,2025-08-02 17:44:22
149,5.324932,N/A,N/A,3.75e-05,1235.68,3.48,1228800,N/A,2025-08-02 17:44:29
150,4.670143,N/A,N/A,3.77e-05,1236.42,3.48,1236992,0.9717,2025-08-02 17:44:37
151,2.817130,N/A,N/A,3.80e-05,1237.37,3.48,1245184,N/A,2025-08-02 17:44:44
152,3.358109,N/A,N/A,3.83e-05,1239.72,3.49,1253376,N/A,2025-08-02 17:44:51
153,4.112507,N/A,N/A,3.85e-05,1236.69,3.48,1261568,N/A,2025-08-02 17:44:59
154,3.671910,N/A,N/A,3.87e-05,1243.68,3.50,1269760,N/A,2025-08-02 17:45:06
155,2.766171,N/A,N/A,3.90e-05,1242.82,3.50,1277952,N/A,2025-08-02 17:45:13
156,4.862547,N/A,N/A,3.92e-05,1244.56,3.50,1286144,N/A,2025-08-02 17:45:20
157,2.136460,N/A,N/A,3.95e-05,1248.77,3.52,1294336,N/A,2025-08-02 17:45:28
158,2.976229,N/A,N/A,3.98e-05,1249.23,3.52,1302528,N/A,2025-08-02 17:45:35
159,6.731883,N/A,N/A,4.00e-05,1253.17,3.53,1310720,N/A,2025-08-02 17:45:42
160,1.617186,N/A,N/A,4.03e-05,1249.90,3.52,1318912,1.0176,2025-08-02 17:45:50
161,3.587098,N/A,N/A,4.05e-05,1252.92,3.53,1327104,N/A,2025-08-02 17:45:57
162,3.177754,N/A,N/A,4.08e-05,1252.57,3.53,1335296,N/A,2025-08-02 17:46:04
163,4.256489,N/A,N/A,4.10e-05,1244.15,3.50,1343488,N/A,2025-08-02 17:46:12
164,3.920268,N/A,N/A,4.12e-05,1244.15,3.50,1351680,N/A,2025-08-02 17:46:19
165,3.020060,N/A,N/A,4.15e-05,1240.92,3.49,1359872,N/A,2025-08-02 17:46:26
166,2.335505,N/A,N/A,4.18e-05,1237.38,3.48,1368064,N/A,2025-08-02 17:46:34
167,2.841529,N/A,N/A,4.20e-05,1231.58,3.47,1376256,N/A,2025-08-02 17:46:42
168,3.246975,N/A,N/A,4.23e-05,1224.21,3.45,1384448,N/A,2025-08-02 17:46:49
169,6.703088,N/A,N/A,4.25e-05,1222.92,3.44,1392640,N/A,2025-08-02 17:46:57
170,2.290410,N/A,N/A,4.28e-05,1217.95,3.43,1400832,1.1980,2025-08-02 17:47:04
171,3.761241,N/A,N/A,4.30e-05,1216.18,3.42,1409024,N/A,2025-08-02 17:47:12
172,1.530626,N/A,N/A,4.33e-05,1220.32,3.43,1417216,N/A,2025-08-02 17:47:19
173,3.230490,N/A,N/A,4.35e-05,1219.52,3.43,1425408,N/A,2025-08-02 17:47:26
174,2.434444,N/A,N/A,4.38e-05,1217.65,3.43,1433600,N/A,2025-08-02 17:47:34
175,2.850784,N/A,N/A,4.40e-05,1222.68,3.44,1441792,N/A,2025-08-02 17:47:41
176,2.399846,N/A,N/A,4.42e-05,1225.00,3.45,1449984,N/A,2025-08-02 17:47:48
177,2.640004,N/A,N/A,4.45e-05,1229.51,3.46,1458176,N/A,2025-08-02 17:47:56
178,3.964097,N/A,N/A,4.47e-05,1230.48,3.46,1466368,N/A,2025-08-02 17:48:03
179,2.889469,N/A,N/A,4.50e-05,1226.34,3.45,1474560,N/A,2025-08-02 17:48:11
180,4.723745,N/A,N/A,4.52e-05,1228.03,3.46,1482752,0.5189,2025-08-02 17:48:18
181,1.928250,N/A,N/A,4.55e-05,1225.65,3.45,1490944,N/A,2025-08-02 17:48:26
182,3.386518,N/A,N/A,4.58e-05,1221.42,3.44,1499136,N/A,2025-08-02 17:48:33
183,3.503540,N/A,N/A,4.60e-05,1223.18,3.44,1507328,N/A,2025-08-02 17:48:41
184,3.678222,N/A,N/A,4.62e-05,1223.75,3.44,1515520,N/A,2025-08-02 17:48:48
185,4.909932,N/A,N/A,4.65e-05,1216.32,3.42,1523712,N/A,2025-08-02 17:48:56
186,2.674501,N/A,N/A,4.67e-05,1220.75,3.44,1531904,N/A,2025-08-02 17:49:03
187,2.133771,N/A,N/A,4.70e-05,1218.48,3.43,1540096,N/A,2025-08-02 17:49:10
188,4.300776,N/A,N/A,4.73e-05,1225.35,3.45,1548288,N/A,2025-08-02 17:49:18
189,3.698982,N/A,N/A,4.75e-05,1229.53,3.46,1556480,N/A,2025-08-02 17:49:25
190,2.128983,N/A,N/A,4.78e-05,1222.40,3.44,1564672,0.5706,2025-08-02 17:49:33
191,3.645393,N/A,N/A,4.80e-05,1226.95,3.45,1572864,N/A,2025-08-02 17:49:40
192,4.406379,N/A,N/A,4.83e-05,1220.45,3.44,1581056,N/A,2025-08-02 17:49:48
193,6.331069,N/A,N/A,4.85e-05,1220.46,3.44,1589248,N/A,2025-08-02 17:49:55
194,2.680140,N/A,N/A,4.87e-05,1223.04,3.44,1597440,N/A,2025-08-02 17:50:03
195,4.769175,N/A,N/A,4.90e-05,1222.81,3.44,1605632,N/A,2025-08-02 17:50:10
196,5.486245,N/A,N/A,4.93e-05,1227.52,3.46,1613824,N/A,2025-08-02 17:50:17
197,3.107878,N/A,N/A,4.95e-05,1226.06,3.45,1622016,N/A,2025-08-02 17:50:25
198,3.746368,N/A,N/A,4.98e-05,1224.67,3.45,1630208,N/A,2025-08-02 17:50:32
199,5.203122,N/A,N/A,5.00e-05,1235.62,3.48,1638400,N/A,2025-08-02 17:50:39
200,3.397332,N/A,N/A,5.03e-05,1230.71,3.46,1646592,0.8237,2025-08-02 17:50:47
201,7.703172,N/A,N/A,5.05e-05,4729.61,2048.00,2309459,N/A,2025-08-07 18:07:56
202,8.168723,N/A,N/A,5.08e-05,4944.90,2048.00,2317651,N/A,2025-08-07 18:07:57
203,8.055425,N/A,N/A,5.10e-05,4572.84,143.00,2318223,N/A,2025-08-07 18:07:58
204,8.174445,N/A,N/A,5.13e-05,4365.96,290.25,2319384,N/A,2025-08-07 18:07:58
205,7.955188,N/A,N/A,5.15e-05,4181.42,423.75,2321079,N/A,2025-08-07 18:07:59
206,7.815491,N/A,N/A,5.18e-05,3958.71,591.00,2323443,N/A,2025-08-07 18:07:59
207,7.957471,N/A,N/A,5.20e-05,3817.52,787.75,2326594,N/A,2025-08-07 18:08:00
208,7.592912,N/A,N/A,5.22e-05,3408.75,116.50,2327060,N/A,2025-08-07 18:08:00
209,7.542180,N/A,N/A,5.25e-05,2962.53,313.25,2328313,N/A,2025-08-07 18:08:00
210,7.558786,N/A,N/A,5.28e-05,6573.32,441.25,2330078,1.7064,2025-08-07 18:08:01
211,7.533446,N/A,N/A,5.30e-05,5714.10,588.00,2332430,N/A,2025-08-07 18:08:01
212,7.485125,N/A,N/A,5.33e-05,4767.83,703.50,2335244,N/A,2025-08-07 18:08:02
213,7.477024,N/A,N/A,5.35e-05,5295.50,802.00,2338452,N/A,2025-08-07 18:08:02
214,7.671273,N/A,N/A,5.37e-05,5803.27,860.25,2341893,N/A,2025-08-07 18:08:03
215,7.669079,N/A,N/A,5.40e-05,6309.34,915.00,2345553,N/A,2025-08-07 18:08:03
216,7.804996,N/A,N/A,5.43e-05,6705.87,1005.00,2349573,N/A,2025-08-07 18:08:03
217,7.674966,N/A,N/A,5.45e-05,6993.37,1051.25,2353778,N/A,2025-08-07 18:08:04
218,7.523090,N/A,N/A,5.48e-05,8072.23,1138.75,2358333,N/A,2025-08-07 18:08:04
219,7.867949,N/A,N/A,5.50e-05,8464.03,1215.25,2363194,N/A,2025-08-07 18:08:05
220,7.785965,N/A,N/A,5.53e-05,9085.70,1300.75,2368397,1.4759,2025-08-07 18:08:05
221,7.812866,N/A,N/A,5.55e-05,9511.23,1366.50,2373863,N/A,2025-08-07 18:08:06
222,8.043113,N/A,N/A,5.57e-05,9895.12,1515.50,2379925,N/A,2025-08-07 18:08:07
223,7.372890,N/A,N/A,5.60e-05,10256.81,1889.25,2387482,N/A,2025-08-07 18:08:07
224,8.090784,N/A,N/A,5.62e-05,10525.19,2048.00,2395674,N/A,2025-08-07 18:08:08
225,7.871872,N/A,N/A,5.65e-05,10624.78,2048.00,2403866,N/A,2025-08-07 18:08:09
226,7.933906,N/A,N/A,5.68e-05,10570.49,2048.00,2412058,N/A,2025-08-07 18:08:10
227,7.468204,N/A,N/A,5.70e-05,10613.45,2048.00,2420250,N/A,2025-08-07 18:08:11
228,7.604293,N/A,N/A,5.73e-05,9864.25,175.25,2420951,N/A,2025-08-07 18:08:11
229,7.788128,N/A,N/A,5.75e-05,9632.86,336.50,2422297,N/A,2025-08-07 18:08:12
230,7.868468,N/A,N/A,5.78e-05,9325.87,459.25,2424134,2.4543,2025-08-07 18:08:12
231,7.644451,N/A,N/A,5.80e-05,9254.57,557.00,2426362,N/A,2025-08-07 18:08:12
232,7.740807,N/A,N/A,5.83e-05,8908.25,638.00,2428914,N/A,2025-08-07 18:08:13
233,7.354157,N/A,N/A,5.85e-05,8278.60,143.00,2429486,N/A,2025-08-07 18:08:13
234,7.663921,N/A,N/A,5.88e-05,7615.08,290.25,2430647,N/A,2025-08-07 18:08:14
235,7.490160,N/A,N/A,5.90e-05,6779.87,423.75,2432342,N/A,2025-08-07 18:08:14
236,7.315093,N/A,N/A,5.93e-05,5937.79,590.25,2434703,N/A,2025-08-07 18:08:14
237,7.622722,N/A,N/A,5.95e-05,4867.71,719.75,2437582,N/A,2025-08-07 18:08:15
238,7.661783,N/A,N/A,5.97e-05,5492.19,768.50,2440656,N/A,2025-08-07 18:08:15
239,7.462358,N/A,N/A,6.00e-05,5950.23,803.00,2443868,N/A,2025-08-07 18:08:16
240,7.550717,N/A,N/A,6.03e-05,6191.12,841.75,2447235,1.4028,2025-08-07 18:08:16
241,7.329812,N/A,N/A,6.05e-05,6557.08,869.75,2450714,N/A,2025-08-07 18:08:17
242,7.833626,N/A,N/A,6.07e-05,6634.49,922.75,2454405,N/A,2025-08-07 18:08:17
243,7.650603,N/A,N/A,6.10e-05,7198.85,986.50,2458351,N/A,2025-08-07 18:08:18
244,7.505668,N/A,N/A,6.12e-05,7863.75,1053.25,2462564,N/A,2025-08-07 18:08:18
245,7.279671,N/A,N/A,6.15e-05,8497.27,1141.00,2467128,N/A,2025-08-07 18:08:19
246,7.469434,N/A,N/A,6.17e-05,9049.15,1198.75,2471923,N/A,2025-08-07 18:08:19
247,7.224939,N/A,N/A,6.20e-05,9188.42,1321.25,2477208,N/A,2025-08-07 18:08:20
248,7.880850,N/A,N/A,6.22e-05,9536.29,1464.00,2483064,N/A,2025-08-07 18:08:20
249,7.475420,N/A,N/A,6.25e-05,10050.64,1924.75,2490763,N/A,2025-08-07 18:08:21
250,7.848695,N/A,N/A,6.27e-05,10264.05,2048.00,2498955,1.1281,2025-08-07 18:08:22
251,7.903948,N/A,N/A,6.30e-05,10582.85,2048.00,2507147,N/A,2025-08-07 18:08:22
252,7.527090,N/A,N/A,6.33e-05,10847.31,2048.00,2515339,N/A,2025-08-07 18:08:23
253,7.721557,N/A,N/A,6.35e-05,9845.38,147.50,2515929,N/A,2025-08-07 18:08:24
254,7.597038,N/A,N/A,6.38e-05,9455.02,195.75,2516712,N/A,2025-08-07 18:08:24
255,7.620472,N/A,N/A,6.40e-05,9007.80,275.00,2517812,N/A,2025-08-07 18:08:25
256,7.600129,N/A,N/A,6.43e-05,8792.50,360.25,2519253,N/A,2025-08-07 18:08:25
257,7.630068,N/A,N/A,6.45e-05,8443.71,519.00,2521329,N/A,2025-08-07 18:08:25
258,6.906551,N/A,N/A,6.48e-05,7668.88,175.25,2522030,N/A,2025-08-07 18:08:26
259,7.249658,N/A,N/A,6.50e-05,7080.64,336.50,2523376,N/A,2025-08-07 18:08:26
260,7.363243,N/A,N/A,6.53e-05,6314.73,459.25,2525213,1.9396,2025-08-07 18:08:27
261,7.296227,N/A,N/A,6.55e-05,5300.15,557.00,2527441,N/A,2025-08-07 18:08:27
262,7.535737,N/A,N/A,6.57e-05,4094.24,631.00,2529965,N/A,2025-08-07 18:08:27
263,7.159743,N/A,N/A,6.60e-05,4552.85,690.00,2532725,N/A,2025-08-07 18:08:28
264,7.186954,N/A,N/A,6.62e-05,5020.44,738.00,2535677,N/A,2025-08-07 18:08:28
265,7.580104,N/A,N/A,6.65e-05,5404.06,763.00,2538729,N/A,2025-08-07 18:08:29
266,7.567361,N/A,N/A,6.68e-05,5841.73,816.50,2541995,N/A,2025-08-07 18:08:29
267,7.374717,N/A,N/A,6.70e-05,6244.41,877.25,2545504,N/A,2025-08-07 18:08:30
268,7.726882,N/A,N/A,6.73e-05,6902.72,912.00,2549152,N/A,2025-08-07 18:08:30
269,7.880804,N/A,N/A,6.75e-05,7361.67,949.25,2552949,N/A,2025-08-07 18:08:31
270,7.645532,N/A,N/A,6.78e-05,7978.29,991.25,2556914,1.4199,2025-08-07 18:08:31
271,7.619586,N/A,N/A,6.80e-05,8571.68,1049.00,2561110,N/A,2025-08-07 18:08:31
272,7.081894,N/A,N/A,6.83e-05,9085.54,1104.25,2565527,N/A,2025-08-07 18:08:32
273,7.147171,N/A,N/A,6.85e-05,9546.50,1180.00,2570247,N/A,2025-08-07 18:08:32
274,7.706171,N/A,N/A,6.88e-05,10002.46,1453.75,2576062,N/A,2025-08-07 18:08:33
275,7.692697,N/A,N/A,6.90e-05,10584.41,2003.00,2584074,N/A,2025-08-07 18:08:33
276,7.735665,N/A,N/A,6.93e-05,10840.88,2048.00,2592266,N/A,2025-08-07 18:08:34
277,7.247328,N/A,N/A,6.95e-05,10893.75,2048.00,2600458,N/A,2025-08-07 18:08:35
278,7.448628,N/A,N/A,6.98e-05,9847.71,139.00,2601014,N/A,2025-08-07 18:08:36
279,7.569896,N/A,N/A,7.00e-05,9409.45,197.00,2601802,N/A,2025-08-07 18:08:36
280,7.583432,N/A,N/A,7.03e-05,8813.43,241.25,2602767,2.2050,2025-08-07 18:08:37
281,7.410291,N/A,N/A,7.05e-05,8024.36,312.00,2604015,N/A,2025-08-07 18:08:37
282,7.659793,N/A,N/A,7.08e-05,7608.49,347.00,2605403,N/A,2025-08-07 18:08:38
283,6.879482,N/A,N/A,7.10e-05,6911.10,147.50,2605993,N/A,2025-08-07 18:08:38
284,6.885991,N/A,N/A,7.13e-05,6182.44,195.75,2606776,N/A,2025-08-07 18:08:38
285,7.000106,N/A,N/A,7.15e-05,5133.99,275.00,2607876,N/A,2025-08-07 18:08:39
286,7.164267,N/A,N/A,7.18e-05,3864.59,339.00,2609232,N/A,2025-08-07 18:08:40
287,7.208095,N/A,N/A,7.20e-05,2573.99,417.75,2610903,N/A,2025-08-07 18:08:40
288,7.183948,N/A,N/A,7.22e-05,2992.42,527.75,2613014,N/A,2025-08-07 18:08:40
289,8.083724,N/A,N/A,7.25e-05,3371.20,575.25,2615315,N/A,2025-08-07 18:08:41
290,7.336519,N/A,N/A,7.27e-05,3867.70,622.75,2617806,1.6246,2025-08-07 18:08:41
291,7.040331,N/A,N/A,7.30e-05,4261.62,702.00,2620614,N/A,2025-08-07 18:08:41
292,7.470874,N/A,N/A,7.32e-05,4757.85,769.75,2623693,N/A,2025-08-07 18:08:42
293,7.295076,N/A,N/A,7.35e-05,5496.60,838.25,2627046,N/A,2025-08-07 18:08:42
294,7.740690,N/A,N/A,7.37e-05,6195.42,901.25,2630651,N/A,2025-08-07 18:08:43
295,7.523354,N/A,N/A,7.40e-05,7223.45,942.50,2634421,N/A,2025-08-07 18:08:43
296,7.419744,N/A,N/A,7.43e-05,7806.41,997.50,2638411,N/A,2025-08-07 18:08:44
297,7.727926,N/A,N/A,7.45e-05,8280.67,1065.75,2642674,N/A,2025-08-07 18:08:44
298,7.079746,N/A,N/A,7.48e-05,8753.53,1169.00,2647350,N/A,2025-08-07 18:08:45
299,7.440623,N/A,N/A,7.50e-05,9382.98,1381.00,2652874,N/A,2025-08-07 18:08:45
300,7.641273,N/A,N/A,7.52e-05,9861.23,1771.00,2659958,1.4304,2025-08-07 18:08:46
