step,train_loss,val_loss,val_perplexity,learning_rate,tokens_per_sec,avg_seq_len,batch_size,block_size,total_tokens,grad_norm,timestamp
0,1.097925,N/A,N/A,2.50e-07,0.00,1420.25,11362,N/A,2025-08-18 16:46:49
1,1.196332,N/A,N/A,5.00e-07,36402.55,1718.62,25111,N/A,2025-08-18 16:46:50
2,0.863142,N/A,N/A,7.50e-07,42611.38,1599.00,37903,N/A,2025-08-18 16:46:50
3,1.098428,N/A,N/A,1.00e-06,45530.64,1454.62,49540,N/A,2025-08-18 16:46:50
4,1.113554,N/A,N/A,1.25e-06,48241.90,1575.50,62144,N/A,2025-08-18 16:46:50
5,0.663860,N/A,N/A,1.50e-06,50589.36,1618.12,75089,N/A,2025-08-18 16:46:50
6,1.159250,N/A,N/A,1.75e-06,52944.81,1757.75,89151,N/A,2025-08-18 16:46:51
7,1.204132,N/A,N/A,2.00e-06,53739.74,1508.50,101219,N/A,2025-08-18 16:46:51
8,1.332264,N/A,N/A,2.25e-06,55441.22,1781.00,115467,N/A,2025-08-18 16:46:51
9,0.657711,N/A,N/A,2.50e-06,55900.47,1500.25,127469,N/A,2025-08-18 16:46:51
10,1.104783,N/A,N/A,2.75e-06,71631.74,1590.12,140190,1.0000,2025-08-18 16:46:51
11,0.495113,N/A,N/A,3.00e-06,71704.13,1642.62,153331,N/A,2025-08-18 16:46:52
12,1.300489,N/A,N/A,3.25e-06,71781.92,1568.12,165876,N/A,2025-08-18 16:46:52
13,0.417780,N/A,N/A,3.50e-06,72487.95,1597.12,178653,N/A,2025-08-18 16:46:52
14,1.252904,N/A,N/A,3.75e-06,73447.62,1791.50,192985,N/A,2025-08-18 16:46:52
15,1.347099,N/A,N/A,4.00e-06,72916.11,1463.75,204695,N/A,2025-08-18 16:46:52
16,1.208028,N/A,N/A,4.25e-06,72004.45,1527.25,216913,N/A,2025-08-18 16:46:53
17,1.058001,N/A,N/A,4.50e-06,73479.63,1808.50,231381,N/A,2025-08-18 16:46:53
18,1.291743,N/A,N/A,4.75e-06,72156.22,1511.50,243473,N/A,2025-08-18 16:46:53
19,0.411051,N/A,N/A,5.00e-06,72976.91,1561.62,255966,N/A,2025-08-18 16:46:53
20,0.659013,N/A,N/A,5.25e-06,72743.17,1693.12,269511,1.0000,2025-08-18 16:46:53
21,0.937788,N/A,N/A,5.50e-06,72377.91,1518.62,281660,N/A,2025-08-18 16:46:54
22,1.034313,N/A,N/A,5.75e-06,72653.10,1574.62,294257,N/A,2025-08-18 16:46:54
23,0.938745,N/A,N/A,6.00e-06,73319.43,1739.25,308171,N/A,2025-08-18 16:46:54
24,0.128644,N/A,N/A,6.25e-06,72452.06,1614.25,321085,N/A,2025-08-18 16:46:54
25,0.953118,N/A,N/A,6.50e-06,72544.26,1429.00,332517,N/A,2025-08-18 16:46:54
26,0.284939,N/A,N/A,6.75e-06,73716.29,1747.50,346497,N/A,2025-08-18 16:46:55
27,1.190933,N/A,N/A,7.00e-06,72709.66,1614.62,359414,N/A,2025-08-18 16:46:55
28,0.519154,N/A,N/A,7.25e-06,72818.18,1521.38,371585,N/A,2025-08-18 16:46:55
29,0.472109,N/A,N/A,7.50e-06,74294.71,1762.88,385688,N/A,2025-08-18 16:46:55
30,0.772188,N/A,N/A,7.75e-06,73915.63,1804.62,400125,1.0000,2025-08-18 16:46:55
31,1.026541,N/A,N/A,8.00e-06,74816.40,1750.00,414125,N/A,2025-08-18 16:46:56
32,0.749557,N/A,N/A,8.25e-06,74457.82,1542.88,426468,N/A,2025-08-18 16:46:56
33,0.623699,N/A,N/A,8.50e-06,73561.12,1517.00,438604,N/A,2025-08-18 16:46:56
34,1.562223,N/A,N/A,8.75e-06,74095.38,1760.38,452687,N/A,2025-08-18 16:46:56
35,0.535223,N/A,N/A,9.00e-06,74333.33,1499.88,464686,N/A,2025-08-18 16:46:56
36,1.211966,N/A,N/A,9.25e-06,73367.94,1421.50,476058,N/A,2025-08-18 16:46:57
37,0.759384,N/A,N/A,9.50e-06,73054.73,1523.50,488246,N/A,2025-08-18 16:46:57
38,0.217092,N/A,N/A,9.75e-06,72822.97,1458.88,499917,N/A,2025-08-18 16:46:57
39,0.556315,N/A,N/A,1.00e-05,72652.18,1580.12,512558,N/A,2025-08-18 16:46:57
40,0.600613,N/A,N/A,1.03e-05,71634.52,1676.88,525973,1.0000,2025-08-18 16:46:57
41,0.642392,N/A,N/A,1.05e-05,70709.31,1491.12,537902,N/A,2025-08-18 16:46:58
42,0.860100,N/A,N/A,1.08e-05,71629.90,1716.38,551633,N/A,2025-08-18 16:46:58
43,0.616606,N/A,N/A,1.10e-05,71598.95,1500.62,563638,N/A,2025-08-18 16:46:58
44,0.745163,N/A,N/A,1.13e-05,71022.36,1612.00,576534,N/A,2025-08-18 16:46:58
45,0.333951,N/A,N/A,1.15e-05,70659.33,1447.88,588117,N/A,2025-08-18 16:46:58
46,0.797218,N/A,N/A,1.18e-05,71978.49,1752.50,602137,N/A,2025-08-18 16:46:58
47,1.500318,N/A,N/A,1.20e-05,72493.64,1691.00,615665,N/A,2025-08-18 16:46:59
48,1.245575,N/A,N/A,1.22e-05,73598.12,1672.75,629047,N/A,2025-08-18 16:46:59
49,0.416726,N/A,N/A,1.25e-05,72551.26,1245.88,639014,N/A,2025-08-18 16:46:59
50,0.497420,N/A,N/A,1.28e-05,71815.39,1634.62,652091,1.0000,2025-08-18 16:46:59
51,0.398187,N/A,N/A,1.30e-05,72147.82,1576.88,664706,N/A,2025-08-18 16:46:59
52,0.382638,N/A,N/A,1.33e-05,72040.88,1724.62,678503,N/A,2025-08-18 16:47:00
53,0.702127,N/A,N/A,1.35e-05,73153.93,1763.12,692608,N/A,2025-08-18 16:47:00
54,0.431758,N/A,N/A,1.38e-05,74113.09,1810.25,707090,N/A,2025-08-18 16:47:00
55,0.765973,N/A,N/A,1.40e-05,75288.33,1708.75,720760,N/A,2025-08-18 16:47:00
56,0.636659,N/A,N/A,1.42e-05,74705.11,1635.38,733843,N/A,2025-08-18 16:47:00
57,0.153296,N/A,N/A,1.45e-05,75337.78,1857.50,748703,N/A,2025-08-18 16:47:01
58,0.259089,N/A,N/A,1.47e-05,75820.54,1763.00,762807,N/A,2025-08-18 16:47:01
59,0.401160,N/A,N/A,1.50e-05,77931.91,1589.38,775522,N/A,2025-08-18 16:47:01
60,0.324839,N/A,N/A,1.52e-05,77110.83,1597.00,788298,1.0000,2025-08-18 16:47:01
61,0.342520,N/A,N/A,1.55e-05,77579.10,1638.00,801402,N/A,2025-08-18 16:47:01
62,0.428472,N/A,N/A,1.57e-05,76589.28,1475.88,813209,N/A,2025-08-18 16:47:02
63,0.116075,N/A,N/A,1.60e-05,75453.87,1545.88,825576,N/A,2025-08-18 16:47:02
64,0.547692,N/A,N/A,1.63e-05,73738.39,1423.12,836961,N/A,2025-08-18 16:47:02
65,0.850702,N/A,N/A,1.65e-05,73560.03,1629.00,849993,N/A,2025-08-18 16:47:02
66,0.698283,N/A,N/A,1.68e-05,73443.67,1635.88,863080,N/A,2025-08-18 16:47:02
67,0.088893,N/A,N/A,1.70e-05,72693.19,1700.50,876684,N/A,2025-08-18 16:47:03
68,0.452862,N/A,N/A,1.73e-05,72244.27,1642.62,889825,N/A,2025-08-18 16:47:03
69,0.227676,N/A,N/A,1.75e-05,72223.67,1480.75,901671,N/A,2025-08-18 16:47:03
70,0.347301,N/A,N/A,1.78e-05,71615.49,1616.38,914602,1.0000,2025-08-18 16:47:03
71,0.179930,N/A,N/A,1.80e-05,71200.19,1593.62,927351,N/A,2025-08-18 16:47:03
72,0.396100,N/A,N/A,1.82e-05,72537.57,1756.12,941400,N/A,2025-08-18 16:47:04
73,0.716349,N/A,N/A,1.85e-05,72587.78,1622.88,954383,N/A,2025-08-18 16:47:04
74,0.082152,N/A,N/A,1.88e-05,73837.99,1706.38,968034,N/A,2025-08-18 16:47:04
75,0.584130,N/A,N/A,1.90e-05,73213.37,1460.12,979715,N/A,2025-08-18 16:47:04
76,0.368473,N/A,N/A,1.93e-05,73337.50,1637.50,992815,N/A,2025-08-18 16:47:04
77,0.309783,N/A,N/A,1.95e-05,72540.10,1542.00,1005151,N/A,2025-08-18 16:47:05
78,0.051469,N/A,N/A,1.98e-05,71983.08,1540.50,1017475,N/A,2025-08-18 16:47:05
79,1.040034,N/A,N/A,2.00e-05,73356.05,1655.00,1030715,N/A,2025-08-18 16:47:05
80,0.231491,N/A,N/A,2.02e-05,74177.69,1892.88,1045858,1.0000,2025-08-18 16:47:05
81,0.181996,N/A,N/A,2.05e-05,73255.07,1455.62,1057503,N/A,2025-08-18 16:47:05
82,0.087250,N/A,N/A,2.07e-05,72568.17,1520.00,1069663,N/A,2025-08-18 16:47:06
83,0.113696,N/A,N/A,2.10e-05,72531.21,1608.88,1082534,N/A,2025-08-18 16:47:06
84,0.272343,N/A,N/A,2.13e-05,72378.01,1690.75,1096060,N/A,2025-08-18 16:47:06
85,0.253693,N/A,N/A,2.15e-05,72759.85,1560.00,1108540,N/A,2025-08-18 16:47:06
86,0.089846,N/A,N/A,2.18e-05,73126.30,1686.25,1122030,N/A,2025-08-18 16:47:06
87,0.426989,N/A,N/A,2.20e-05,73978.22,1666.50,1135362,N/A,2025-08-18 16:47:06
88,0.056493,N/A,N/A,2.22e-05,73475.57,1400.62,1146567,N/A,2025-08-18 16:47:07
89,0.028824,N/A,N/A,2.25e-05,74681.50,1792.12,1160904,N/A,2025-08-18 16:47:07
90,0.468204,N/A,N/A,2.28e-05,72063.24,1542.12,1173241,1.0000,2025-08-18 16:47:07
91,0.405558,N/A,N/A,2.30e-05,72325.33,1509.25,1185315,N/A,2025-08-18 16:47:07
92,0.068680,N/A,N/A,2.33e-05,72861.84,1594.25,1198069,N/A,2025-08-18 16:47:07
93,1.261847,N/A,N/A,2.35e-05,72826.37,1565.00,1210589,N/A,2025-08-18 16:47:08
94,0.075868,N/A,N/A,2.37e-05,72324.39,1576.12,1223198,N/A,2025-08-18 16:47:08
95,0.065065,N/A,N/A,2.40e-05,73212.41,1751.50,1237210,N/A,2025-08-18 16:47:08
96,0.035658,N/A,N/A,2.42e-05,73567.15,1751.25,1251220,N/A,2025-08-18 16:47:08
97,0.057478,N/A,N/A,2.45e-05,73606.97,1663.00,1264524,N/A,2025-08-18 16:47:08
98,0.113977,N/A,N/A,2.48e-05,73840.58,1433.75,1275994,N/A,2025-08-18 16:47:09
99,0.561877,N/A,N/A,2.50e-05,74964.83,1751.50,1290006,N/A,2025-08-18 16:47:09
100,0.389904,N/A,N/A,2.53e-05,73700.47,1350.38,1300809,1.0000,2025-08-18 16:47:09
101,0.054964,N/A,N/A,2.55e-05,73667.37,1741.25,1314739,N/A,2025-08-18 16:47:09
102,0.699070,N/A,N/A,2.57e-05,74053.42,1749.50,1328735,N/A,2025-08-18 16:47:09
103,0.062510,N/A,N/A,2.60e-05,74533.50,1644.50,1341891,N/A,2025-08-18 16:47:10
104,0.167667,N/A,N/A,2.63e-05,75516.28,1788.50,1356199,N/A,2025-08-18 16:47:10
105,0.099814,N/A,N/A,2.65e-05,75053.27,1642.62,1369340,N/A,2025-08-18 16:47:10
106,0.033140,N/A,N/A,2.68e-05,74724.74,1704.50,1382976,N/A,2025-08-18 16:47:10
107,0.436695,N/A,N/A,2.70e-05,75189.59,1752.38,1396995,N/A,2025-08-18 16:47:10
108,0.013583,N/A,N/A,2.72e-05,75260.53,1395.12,1408156,N/A,2025-08-18 16:47:11
109,0.020318,N/A,N/A,2.75e-05,75768.53,1764.62,1422273,N/A,2025-08-18 16:47:11
110,0.106539,N/A,N/A,2.77e-05,77231.82,1583.50,1434941,1.0000,2025-08-18 16:47:11
111,0.046155,N/A,N/A,2.80e-05,76934.73,1637.00,1448037,N/A,2025-08-18 16:47:11
112,0.015451,N/A,N/A,2.83e-05,76538.08,1666.12,1461366,N/A,2025-08-18 16:47:11
113,0.111926,N/A,N/A,2.85e-05,75596.18,1448.62,1472955,N/A,2025-08-18 16:47:12
114,0.113351,N/A,N/A,2.87e-05,74213.32,1525.88,1485162,N/A,2025-08-18 16:47:12
115,0.056940,N/A,N/A,2.90e-05,73974.11,1572.62,1497743,N/A,2025-08-18 16:47:12
116,0.225470,N/A,N/A,2.92e-05,73024.50,1502.38,1509762,N/A,2025-08-18 16:47:12
117,0.062551,N/A,N/A,2.95e-05,71547.21,1444.62,1521319,N/A,2025-08-18 16:47:12
118,0.030273,N/A,N/A,2.98e-05,72103.30,1505.12,1533360,N/A,2025-08-18 16:47:13
119,0.091662,N/A,N/A,3.00e-05,71227.59,1444.12,1544913,N/A,2025-08-18 16:47:13
120,0.053360,N/A,N/A,3.03e-05,70826.28,1653.62,1558142,1.0000,2025-08-18 16:47:13
121,0.034607,N/A,N/A,3.05e-05,71097.60,1705.12,1571783,N/A,2025-08-18 16:47:13
122,0.092258,N/A,N/A,3.08e-05,70663.46,1551.50,1584195,N/A,2025-08-18 16:47:13
123,0.111851,N/A,N/A,3.10e-05,70935.11,1504.25,1596229,N/A,2025-08-18 16:47:13
124,0.030991,N/A,N/A,3.13e-05,71845.05,1702.50,1609849,N/A,2025-08-18 16:47:14
125,0.128437,N/A,N/A,3.15e-05,72881.94,1832.38,1624508,N/A,2025-08-18 16:47:14
126,0.179065,N/A,N/A,3.18e-05,72108.82,1320.25,1635070,N/A,2025-08-18 16:47:14
127,0.094840,N/A,N/A,3.20e-05,71841.61,1428.25,1646496,N/A,2025-08-18 16:47:14
128,0.058133,N/A,N/A,3.22e-05,71551.63,1430.75,1657942,N/A,2025-08-18 16:47:14
129,0.074880,N/A,N/A,3.25e-05,73594.30,1710.88,1671629,N/A,2025-08-18 16:47:15
130,0.039160,N/A,N/A,3.28e-05,71979.23,1455.62,1683274,1.0000,2025-08-18 16:47:15
131,0.083969,N/A,N/A,3.30e-05,70817.74,1475.12,1695075,N/A,2025-08-18 16:47:15
132,0.059443,N/A,N/A,3.33e-05,70988.52,1569.88,1707634,N/A,2025-08-18 16:47:15
133,0.054822,N/A,N/A,3.35e-05,70214.17,1377.25,1718652,N/A,2025-08-18 16:47:15
134,0.120906,N/A,N/A,3.38e-05,68793.15,1395.25,1729814,N/A,2025-08-18 16:47:16
135,0.052580,N/A,N/A,3.40e-05,66915.38,1458.50,1741482,N/A,2025-08-18 16:47:16
136,0.066233,N/A,N/A,3.42e-05,67856.44,1538.75,1753792,N/A,2025-08-18 16:47:16
137,0.076302,N/A,N/A,3.45e-05,68323.34,1548.12,1766177,N/A,2025-08-18 16:47:16
138,0.014634,N/A,N/A,3.48e-05,69134.68,1622.62,1779158,N/A,2025-08-18 16:47:16
139,0.123881,N/A,N/A,3.50e-05,68601.71,1505.12,1791199,N/A,2025-08-18 16:47:17
140,0.455228,N/A,N/A,3.53e-05,69016.11,1630.88,1804246,1.0000,2025-08-18 16:47:17
141,0.164161,N/A,N/A,3.55e-05,69389.99,1565.50,1816770,N/A,2025-08-18 16:47:17
142,0.077839,N/A,N/A,3.58e-05,69315.88,1545.62,1829135,N/A,2025-08-18 16:47:17
143,0.034461,N/A,N/A,3.60e-05,69902.96,1469.00,1840887,N/A,2025-08-18 16:47:17
144,0.087015,N/A,N/A,3.63e-05,70659.18,1495.62,1852852,N/A,2025-08-18 16:47:18
145,0.064005,N/A,N/A,3.65e-05,71086.43,1522.50,1865032,N/A,2025-08-18 16:47:18
146,0.640468,N/A,N/A,3.68e-05,70901.75,1456.62,1876685,N/A,2025-08-18 16:47:18
147,0.059034,N/A,N/A,3.70e-05,70720.39,1464.62,1888402,N/A,2025-08-18 16:47:18
148,0.033793,N/A,N/A,3.72e-05,70216.75,1445.62,1899967,N/A,2025-08-18 16:47:18
149,0.117666,N/A,N/A,3.75e-05,69460.49,1259.12,1910040,N/A,2025-08-18 16:47:19
150,0.041614,N/A,N/A,3.78e-05,68706.73,1597.12,1922817,1.0000,2025-08-18 16:47:19
151,0.035088,N/A,N/A,3.80e-05,69380.59,1674.50,1936213,N/A,2025-08-18 16:47:19
152,0.060358,N/A,N/A,3.83e-05,68323.39,1323.25,1946799,N/A,2025-08-18 16:47:19
153,0.118628,N/A,N/A,3.85e-05,68105.53,1473.38,1958586,N/A,2025-08-18 16:47:19
154,0.035636,N/A,N/A,3.87e-05,68542.98,1574.75,1971184,N/A,2025-08-18 16:47:19
155,0.034584,N/A,N/A,3.90e-05,70004.41,1847.88,1985967,N/A,2025-08-18 16:47:20
156,0.134654,N/A,N/A,3.93e-05,70176.90,1482.75,1997829,N/A,2025-08-18 16:47:20
157,0.212993,N/A,N/A,3.95e-05,70500.39,1569.25,2010383,N/A,2025-08-18 16:47:20
158,0.063358,N/A,N/A,3.98e-05,70331.29,1409.00,2021655,N/A,2025-08-18 16:47:20
159,0.031838,N/A,N/A,4.00e-05,71988.92,1456.38,2033306,N/A,2025-08-18 16:47:20
160,0.123985,N/A,N/A,4.03e-05,71842.85,1706.62,2046959,1.0000,2025-08-18 16:47:21
161,0.527219,N/A,N/A,4.05e-05,70456.30,1387.50,2058059,N/A,2025-08-18 16:47:21
162,0.042193,N/A,N/A,4.08e-05,72522.61,1722.88,2071842,N/A,2025-08-18 16:47:21
163,0.111097,N/A,N/A,4.10e-05,72791.95,1512.25,2083940,N/A,2025-08-18 16:47:21
164,0.244704,N/A,N/A,4.12e-05,74017.95,1824.12,2098533,N/A,2025-08-18 16:47:21
165,0.021923,N/A,N/A,4.15e-05,72570.85,1558.62,2111002,N/A,2025-08-18 16:47:22
166,0.015245,N/A,N/A,4.17e-05,72635.92,1462.25,2122700,N/A,2025-08-18 16:47:22
167,0.045135,N/A,N/A,4.20e-05,72589.47,1541.62,2135033,N/A,2025-08-18 16:47:22
168,0.268675,N/A,N/A,4.23e-05,72944.53,1485.12,2146914,N/A,2025-08-18 16:47:22
169,0.075324,N/A,N/A,4.25e-05,74061.57,1594.88,2159673,N/A,2025-08-18 16:47:22
170,0.070856,N/A,N/A,4.28e-05,72690.62,1536.12,2171962,1.0000,2025-08-18 16:47:23
171,0.109472,N/A,N/A,4.30e-05,74421.81,1806.00,2186410,N/A,2025-08-18 16:47:23
172,0.032342,N/A,N/A,4.33e-05,73381.62,1534.88,2198689,N/A,2025-08-18 16:47:23
173,0.135219,N/A,N/A,4.35e-05,73026.18,1486.12,2210578,N/A,2025-08-18 16:47:23
174,0.133015,N/A,N/A,4.38e-05,72021.35,1620.00,2223538,N/A,2025-08-18 16:47:23
175,0.401077,N/A,N/A,4.40e-05,71242.98,1419.25,2234892,N/A,2025-08-18 16:47:23
176,0.126956,N/A,N/A,4.42e-05,72167.50,1676.50,2248304,N/A,2025-08-18 16:47:24
177,0.156140,N/A,N/A,4.45e-05,71571.73,1444.62,2259861,N/A,2025-08-18 16:47:24
178,0.183858,N/A,N/A,4.47e-05,71750.65,1649.00,2273053,N/A,2025-08-18 16:47:24
179,0.073447,N/A,N/A,4.50e-05,71489.38,1572.00,2285629,N/A,2025-08-18 16:47:24
180,0.027713,N/A,N/A,4.53e-05,69240.95,1358.00,2296493,1.0000,2025-08-18 16:47:25
181,0.044478,N/A,N/A,4.55e-05,69637.93,1961.38,2312184,N/A,2025-08-18 16:47:25
182,0.171956,N/A,N/A,4.58e-05,69541.84,1540.88,2324511,N/A,2025-08-18 16:47:25
183,0.064661,N/A,N/A,4.60e-05,69538.41,1600.88,2337318,N/A,2025-08-18 16:47:25
184,0.018286,N/A,N/A,4.63e-05,68413.92,1483.50,2349186,N/A,2025-08-18 16:47:25
185,0.089072,N/A,N/A,4.65e-05,68657.16,1611.75,2362080,N/A,2025-08-18 16:47:26
186,0.059774,N/A,N/A,4.68e-05,68181.54,1627.00,2375096,N/A,2025-08-18 16:47:26
187,0.029500,N/A,N/A,4.70e-05,68940.92,1589.50,2387812,N/A,2025-08-18 16:47:26
188,0.065791,N/A,N/A,4.73e-05,68270.14,1449.50,2399408,N/A,2025-08-18 16:47:26
189,0.098807,N/A,N/A,4.75e-05,69108.09,1534.88,2411687,N/A,2025-08-18 16:47:26
190,0.163767,N/A,N/A,4.78e-05,69779.56,1651.38,2424898,1.0000,2025-08-18 16:47:27
191,0.345624,N/A,N/A,4.80e-05,68303.46,1658.62,2438167,N/A,2025-08-18 16:47:27
192,0.072086,N/A,N/A,4.83e-05,68092.80,1454.88,2449806,N/A,2025-08-18 16:47:27
193,0.023701,N/A,N/A,4.85e-05,68320.91,1600.00,2462606,N/A,2025-08-18 16:47:27
194,0.019143,N/A,N/A,4.87e-05,67567.96,1270.38,2472769,N/A,2025-08-18 16:47:27
195,0.052824,N/A,N/A,4.90e-05,67250.55,1568.88,2485320,N/A,2025-08-18 16:47:28
196,0.038483,N/A,N/A,4.93e-05,67692.23,1707.50,2498980,N/A,2025-08-18 16:47:28
197,0.041779,N/A,N/A,4.95e-05,67918.61,1617.12,2511917,N/A,2025-08-18 16:47:28
198,0.027084,N/A,N/A,4.98e-05,68433.28,1538.50,2524225,N/A,2025-08-18 16:47:28
199,0.116273,N/A,N/A,5.00e-05,69470.45,1641.00,2537353,N/A,2025-08-18 16:47:28
200,0.038334,N/A,N/A,5.00e-05,67852.12,1423.88,2548744,1.0000,2025-08-18 16:47:29
201,0.051611,N/A,N/A,5.00e-05,67376.92,1648.38,2561931,N/A,2025-08-18 16:47:29
202,0.114715,N/A,N/A,5.00e-05,68990.12,1801.50,2576343,N/A,2025-08-18 16:47:29
203,0.013491,N/A,N/A,5.00e-05,68707.73,1523.38,2588530,N/A,2025-08-18 16:47:29
204,0.092199,N/A,N/A,5.00e-05,70378.65,1581.75,2601184,N/A,2025-08-18 16:47:29
205,0.032325,N/A,N/A,5.00e-05,70048.34,1466.50,2612916,N/A,2025-08-18 16:47:30
206,0.030336,N/A,N/A,5.00e-05,69432.06,1535.50,2625200,N/A,2025-08-18 16:47:30
207,0.037426,N/A,N/A,5.00e-05,68718.37,1474.00,2636992,N/A,2025-08-18 16:47:30
208,0.171460,N/A,N/A,5.00e-05,69305.84,1636.00,2650080,N/A,2025-08-18 16:47:30
209,0.026067,N/A,N/A,5.00e-05,69854.28,1591.88,2662815,N/A,2025-08-18 16:47:30
210,0.084327,N/A,N/A,5.00e-05,71171.90,1709.12,2676488,1.0000,2025-08-18 16:47:31
211,0.011424,N/A,N/A,5.00e-05,70312.94,1644.88,2689647,N/A,2025-08-18 16:47:31
212,0.079519,N/A,N/A,5.00e-05,68612.58,1561.12,2702136,N/A,2025-08-18 16:47:31
213,0.021853,N/A,N/A,5.00e-05,69540.37,1922.75,2717518,N/A,2025-08-18 16:47:31
214,0.038885,N/A,N/A,5.00e-05,68022.78,1399.38,2728713,N/A,2025-08-18 16:47:31
215,0.075318,N/A,N/A,5.00e-05,67799.82,1555.12,2741154,N/A,2025-08-18 16:47:32
216,0.168077,N/A,N/A,5.00e-05,67090.74,1474.62,2752951,N/A,2025-08-18 16:47:32
217,0.082393,N/A,N/A,5.00e-05,66801.84,1563.75,2765461,N/A,2025-08-18 16:47:32
218,0.457154,N/A,N/A,5.00e-05,66006.64,1590.38,2778184,N/A,2025-08-18 16:47:32
219,0.060797,N/A,N/A,5.00e-05,65699.74,1558.50,2790652,N/A,2025-08-18 16:47:33
220,0.316816,N/A,N/A,5.00e-05,64664.92,1538.75,2802962,1.0000,2025-08-18 16:47:33
221,0.062060,N/A,N/A,5.00e-05,65401.18,1812.62,2817463,N/A,2025-08-18 16:47:33
222,0.058021,N/A,N/A,5.00e-05,65745.18,1666.75,2830797,N/A,2025-08-18 16:47:33
223,0.036823,N/A,N/A,5.00e-05,64863.10,1681.00,2844245,N/A,2025-08-18 16:47:33
224,0.061236,N/A,N/A,5.00e-05,65684.76,1657.25,2857503,N/A,2025-08-18 16:47:34
225,0.263468,N/A,N/A,5.00e-05,66196.88,1696.50,2871075,N/A,2025-08-18 16:47:34
226,0.097127,N/A,N/A,5.00e-05,65948.08,1395.88,2882242,N/A,2025-08-18 16:47:34
227,0.016723,N/A,N/A,5.00e-05,65831.76,1535.75,2894528,N/A,2025-08-18 16:47:34
228,0.222484,N/A,N/A,5.00e-05,65095.96,1398.38,2905715,N/A,2025-08-18 16:47:35
229,0.147961,N/A,N/A,5.00e-05,65708.95,1647.75,2918897,N/A,2025-08-18 16:47:35
230,0.064701,N/A,N/A,5.00e-05,65787.88,1672.75,2932279,1.0000,2025-08-18 16:47:35
231,0.022309,N/A,N/A,5.00e-05,65529.66,1726.88,2946094,N/A,2025-08-18 16:47:35
232,0.300436,N/A,N/A,5.00e-05,65024.76,1531.75,2958348,N/A,2025-08-18 16:47:35
233,0.632117,N/A,N/A,5.00e-05,63865.52,1406.62,2969601,N/A,2025-08-18 16:47:36
234,0.439379,N/A,N/A,5.00e-05,63286.61,1472.75,2981383,N/A,2025-08-18 16:47:36
235,0.378347,N/A,N/A,5.00e-05,62447.11,1577.38,2994002,N/A,2025-08-18 16:47:36
236,0.056657,N/A,N/A,5.00e-05,63452.70,1638.75,3007112,N/A,2025-08-18 16:47:36
237,0.024261,N/A,N/A,5.00e-05,64167.80,1693.00,3020656,N/A,2025-08-18 16:47:36
238,0.173908,N/A,N/A,5.00e-05,64081.78,1432.00,3032112,N/A,2025-08-18 16:47:37
239,0.118054,N/A,N/A,5.00e-05,63801.35,1575.62,3044717,N/A,2025-08-18 16:47:37
240,0.388289,N/A,N/A,5.00e-05,63782.60,1870.50,3059681,1.0000,2025-08-18 16:47:37
241,0.119455,N/A,N/A,5.00e-05,63440.15,1710.12,3073362,N/A,2025-08-18 16:47:37
242,0.137914,N/A,N/A,5.00e-05,64463.56,1745.62,3087327,N/A,2025-08-18 16:47:38
243,0.062888,N/A,N/A,5.00e-05,65775.56,1792.12,3101664,N/A,2025-08-18 16:47:38
244,0.034858,N/A,N/A,5.00e-05,66273.85,1411.88,3112959,N/A,2025-08-18 16:47:38
245,0.028352,N/A,N/A,5.00e-05,65324.30,1439.25,3124473,N/A,2025-08-18 16:47:38
246,0.189443,N/A,N/A,5.00e-05,64976.02,1619.00,3137425,N/A,2025-08-18 16:47:38
247,0.022522,N/A,N/A,5.00e-05,65416.74,1614.50,3150341,N/A,2025-08-18 16:47:39
248,0.049736,N/A,N/A,5.00e-05,66683.14,1512.50,3162441,N/A,2025-08-18 16:47:39
249,0.136897,N/A,N/A,5.00e-05,67959.59,1700.00,3176041,N/A,2025-08-18 16:47:39
250,0.052119,N/A,N/A,5.00e-05,66876.62,1698.50,3189629,1.0000,2025-08-18 16:47:39
251,0.021147,N/A,N/A,5.00e-05,67062.84,1743.00,3203573,N/A,2025-08-18 16:47:40
252,0.011776,N/A,N/A,5.00e-05,66820.77,1682.38,3217032,N/A,2025-08-18 16:47:40
253,0.036160,N/A,N/A,5.00e-05,66250.10,1619.62,3229989,N/A,2025-08-18 16:47:40
254,0.033594,N/A,N/A,5.00e-05,67645.15,1558.12,3242454,N/A,2025-08-18 16:47:40
255,0.355583,N/A,N/A,5.00e-05,68763.81,1692.38,3255993,N/A,2025-08-18 16:47:40
256,0.105532,N/A,N/A,5.00e-05,68358.92,1674.12,3269386,N/A,2025-08-18 16:47:41
257,0.050591,N/A,N/A,5.00e-05,67720.88,1609.62,3282263,N/A,2025-08-18 16:47:41
258,0.019272,N/A,N/A,5.00e-05,67272.21,1428.25,3293689,N/A,2025-08-18 16:47:41
259,0.124641,N/A,N/A,5.00e-05,67211.47,1588.38,3306396,N/A,2025-08-18 16:47:41
260,0.114994,N/A,N/A,5.00e-05,66117.61,1562.75,3318898,1.0000,2025-08-18 16:47:42
261,0.034079,N/A,N/A,5.00e-05,64596.41,1408.25,3330164,N/A,2025-08-18 16:47:42
262,0.009782,N/A,N/A,5.00e-05,63286.68,1509.00,3342236,N/A,2025-08-18 16:47:42
263,0.009053,N/A,N/A,5.00e-05,62210.75,1479.00,3354068,N/A,2025-08-18 16:47:42
264,0.037620,N/A,N/A,5.00e-05,62396.68,1609.62,3366945,N/A,2025-08-18 16:47:42
265,0.172022,N/A,N/A,5.00e-05,63013.30,1808.50,3381413,N/A,2025-08-18 16:47:43
266,0.184143,N/A,N/A,5.00e-05,61988.02,1433.12,3392878,N/A,2025-08-18 16:47:43
267,0.311825,N/A,N/A,5.00e-05,62415.12,1694.75,3406436,N/A,2025-08-18 16:47:43
268,0.081295,N/A,N/A,5.00e-05,63132.77,1627.62,3419457,N/A,2025-08-18 16:47:43
269,0.035650,N/A,N/A,5.00e-05,64218.54,1780.50,3433701,N/A,2025-08-18 16:47:43
270,0.016169,N/A,N/A,5.00e-05,63702.12,1537.38,3446000,1.0000,2025-08-18 16:47:44
271,0.032970,N/A,N/A,5.00e-05,65010.39,1776.50,3460212,N/A,2025-08-18 16:47:44
272,0.154679,N/A,N/A,5.00e-05,64661.74,1433.50,3471680,N/A,2025-08-18 16:47:44
273,0.032757,N/A,N/A,5.00e-05,65739.77,1756.75,3485734,N/A,2025-08-18 16:47:44
274,0.019333,N/A,N/A,5.00e-05,65884.17,1696.00,3499302,N/A,2025-08-18 16:47:45
275,0.152299,N/A,N/A,5.00e-05,65690.31,1765.38,3513425,N/A,2025-08-18 16:47:45
276,0.028614,N/A,N/A,5.00e-05,65727.06,1454.88,3525064,N/A,2025-08-18 16:47:45
277,0.051631,N/A,N/A,5.00e-05,65431.37,1646.88,3538239,N/A,2025-08-18 16:47:45
278,0.113780,N/A,N/A,5.00e-05,65468.66,1660.38,3551522,N/A,2025-08-18 16:47:46
279,0.017250,N/A,N/A,5.00e-05,65498.86,1722.12,3565299,N/A,2025-08-18 16:47:46
280,0.019697,N/A,N/A,5.00e-05,65523.82,1688.38,3578806,1.0000,2025-08-18 16:47:46
281,0.387275,N/A,N/A,5.00e-05,64732.32,1577.25,3591424,N/A,2025-08-18 16:47:46
282,0.077376,N/A,N/A,5.00e-05,65904.06,1692.75,3604966,N/A,2025-08-18 16:47:46
283,0.027190,N/A,N/A,5.00e-05,65065.82,1456.38,3616617,N/A,2025-08-18 16:47:47
284,0.012109,N/A,N/A,5.00e-05,64249.58,1501.88,3628632,N/A,2025-08-18 16:47:47
285,0.241999,N/A,N/A,5.00e-05,64127.37,1700.62,3642237,N/A,2025-08-18 16:47:47
286,0.010458,N/A,N/A,5.00e-05,65248.51,1704.12,3655870,N/A,2025-08-18 16:47:47
287,0.236063,N/A,N/A,5.00e-05,65987.68,1800.25,3670272,N/A,2025-08-18 16:47:48
288,0.018188,N/A,N/A,5.00e-05,66084.58,1608.75,3683142,N/A,2025-08-18 16:47:48
289,0.454686,N/A,N/A,5.00e-05,66266.97,1474.75,3694940,N/A,2025-08-18 16:47:48
290,0.188584,N/A,N/A,5.00e-05,66564.93,1664.75,3708258,0.8468,2025-08-18 16:47:48
291,0.016682,N/A,N/A,5.00e-05,66975.41,1667.88,3721601,N/A,2025-08-18 16:47:48
292,0.035198,N/A,N/A,5.00e-05,66829.41,1678.00,3735025,N/A,2025-08-18 16:47:49
293,0.010266,N/A,N/A,5.00e-05,67878.30,1651.25,3748235,N/A,2025-08-18 16:47:49
294,0.006540,N/A,N/A,5.00e-05,68210.34,1559.38,3760710,N/A,2025-08-18 16:47:49
295,0.014928,N/A,N/A,5.00e-05,68202.95,1485.88,3772597,N/A,2025-08-18 16:47:49
296,0.061652,N/A,N/A,5.00e-05,68436.08,1591.50,3785329,N/A,2025-08-18 16:47:49
297,0.024793,N/A,N/A,5.00e-05,66941.18,1480.12,3797170,N/A,2025-08-18 16:47:50
298,0.076124,N/A,N/A,5.00e-05,66653.46,1658.25,3810436,N/A,2025-08-18 16:47:50
299,0.057152,N/A,N/A,5.00e-05,67161.05,1674.25,3823830,N/A,2025-08-18 16:47:50
300,0.391945,N/A,N/A,5.00e-05,66933.75,1753.25,3837856,1.0000,2025-08-18 16:47:50
301,0.068311,N/A,N/A,5.00e-05,65876.11,1563.25,3850362,N/A,2025-08-18 16:47:51
302,0.035677,N/A,N/A,5.00e-05,65677.50,1627.25,3863380,N/A,2025-08-18 16:47:51
303,0.094349,N/A,N/A,5.00e-05,64589.01,1409.50,3874656,N/A,2025-08-18 16:47:51
304,0.065559,N/A,N/A,5.00e-05,63697.26,1452.88,3886279,N/A,2025-08-18 16:47:51
305,0.084424,N/A,N/A,5.00e-05,64827.93,1843.75,3901029,N/A,2025-08-18 16:47:51
306,0.019525,N/A,N/A,5.00e-05,65134.70,1564.12,3913542,N/A,2025-08-18 16:47:52
307,0.366868,N/A,N/A,5.00e-05,66331.67,1697.88,3927125,N/A,2025-08-18 16:47:52
308,0.087614,N/A,N/A,5.00e-05,65850.81,1463.50,3938833,N/A,2025-08-18 16:47:52
309,0.089972,N/A,N/A,5.00e-05,65366.93,1369.38,3949788,N/A,2025-08-18 16:47:52
310,0.021590,N/A,N/A,5.00e-05,65201.91,1610.50,3962672,1.0000,2025-08-18 16:47:52
311,0.029129,N/A,N/A,5.00e-05,65899.07,1674.88,3976071,N/A,2025-08-18 16:47:53
312,0.029026,N/A,N/A,5.00e-05,66245.56,1624.38,3989066,N/A,2025-08-18 16:47:53
313,0.022569,N/A,N/A,5.00e-05,66918.41,1612.88,4001969,N/A,2025-08-18 16:47:53
314,0.009339,N/A,N/A,5.00e-05,67158.59,1561.88,4014464,N/A,2025-08-18 16:47:53
315,0.016565,N/A,N/A,5.00e-05,65921.93,1622.50,4027444,N/A,2025-08-18 16:47:54
316,0.022031,N/A,N/A,5.00e-05,65457.94,1538.88,4039755,N/A,2025-08-18 16:47:54
317,0.020029,N/A,N/A,5.00e-05,65129.62,1709.00,4053427,N/A,2025-08-18 16:47:54
318,0.008797,N/A,N/A,5.00e-05,65709.78,1687.38,4066926,N/A,2025-08-18 16:47:54
319,0.033024,N/A,N/A,5.00e-05,66867.71,1653.38,4080153,N/A,2025-08-18 16:47:54
320,0.018591,N/A,N/A,5.00e-05,66445.69,1707.50,4093813,1.0000,2025-08-18 16:47:55
321,0.045505,N/A,N/A,5.00e-05,65723.13,1606.88,4106668,N/A,2025-08-18 16:47:55
322,0.161069,N/A,N/A,5.00e-05,64719.89,1429.12,4118101,N/A,2025-08-18 16:47:55
323,0.244226,N/A,N/A,5.00e-05,64159.01,1498.38,4130088,N/A,2025-08-18 16:47:55
324,0.021705,N/A,N/A,5.00e-05,64406.51,1633.88,4143159,N/A,2025-08-18 16:47:56
325,0.024177,N/A,N/A,5.00e-05,63913.37,1483.88,4155030,N/A,2025-08-18 16:47:56
326,0.012229,N/A,N/A,5.00e-05,64963.83,1840.62,4169755,N/A,2025-08-18 16:47:56
327,0.024161,N/A,N/A,5.00e-05,65146.62,1773.38,4183942,N/A,2025-08-18 16:47:56
328,0.024554,N/A,N/A,5.00e-05,65073.37,1681.62,4197395,N/A,2025-08-18 16:47:56
329,0.278250,N/A,N/A,5.00e-05,63704.68,1233.38,4207262,N/A,2025-08-18 16:47:57
330,0.075159,N/A,N/A,5.00e-05,63010.31,1642.00,4220398,1.0000,2025-08-18 16:47:57
331,0.009962,N/A,N/A,5.00e-05,64214.96,1920.25,4235760,N/A,2025-08-18 16:47:57
332,0.063432,N/A,N/A,5.00e-05,64363.98,1501.50,4247772,N/A,2025-08-18 16:47:57
333,0.011058,N/A,N/A,5.00e-05,65250.71,1741.75,4261706,N/A,2025-08-18 16:47:58
334,0.020212,N/A,N/A,5.00e-05,64974.09,1588.88,4274417,N/A,2025-08-18 16:47:58
335,0.029732,N/A,N/A,5.00e-05,65886.96,1671.50,4287789,N/A,2025-08-18 16:47:58
336,0.205636,N/A,N/A,5.00e-05,64947.23,1608.12,4300654,N/A,2025-08-18 16:47:58
337,0.033916,N/A,N/A,5.00e-05,64421.42,1632.25,4313712,N/A,2025-08-18 16:47:58
338,0.011576,N/A,N/A,5.00e-05,64351.41,1651.12,4326921,N/A,2025-08-18 16:47:59
339,0.014036,N/A,N/A,5.00e-05,66491.32,1713.25,4340627,N/A,2025-08-18 16:47:59
340,0.003068,N/A,N/A,5.00e-05,65969.79,1575.62,4353232,1.0000,2025-08-18 16:47:59
341,0.034408,N/A,N/A,5.00e-05,64525.65,1513.25,4365338,N/A,2025-08-18 16:47:59
342,0.268887,N/A,N/A,5.00e-05,64608.72,1488.38,4377245,N/A,2025-08-18 16:48:00
343,0.029820,N/A,N/A,5.00e-05,64319.67,1644.88,4390404,N/A,2025-08-18 16:48:00
344,0.173832,N/A,N/A,5.00e-05,64947.73,1706.50,4404056,N/A,2025-08-18 16:48:00
345,0.076120,N/A,N/A,5.00e-05,64396.94,1541.75,4416390,N/A,2025-08-18 16:48:00
346,0.025412,N/A,N/A,5.00e-05,63919.40,1472.75,4428172,N/A,2025-08-18 16:48:00
347,0.197969,N/A,N/A,5.00e-05,64370.22,1737.62,4442073,N/A,2025-08-18 16:48:01
348,0.003568,N/A,N/A,5.00e-05,63690.55,1514.38,4454188,N/A,2025-08-18 16:48:01
349,0.263942,N/A,N/A,5.00e-05,63365.25,1601.62,4467001,N/A,2025-08-18 16:48:01
350,0.178976,N/A,N/A,5.00e-05,62670.84,1582.75,4479663,1.0000,2025-08-18 16:48:01
351,0.004817,N/A,N/A,5.00e-05,63252.23,1756.12,4493712,N/A,2025-08-18 16:48:02
352,0.011990,N/A,N/A,5.00e-05,63328.27,1578.25,4506338,N/A,2025-08-18 16:48:02
353,0.009374,N/A,N/A,5.00e-05,62979.12,1647.75,4519520,N/A,2025-08-18 16:48:02
354,0.013925,N/A,N/A,5.00e-05,61941.04,1461.62,4531213,N/A,2025-08-18 16:48:02
355,0.006106,N/A,N/A,5.00e-05,61448.84,1446.75,4542787,N/A,2025-08-18 16:48:02
356,0.049901,N/A,N/A,5.00e-05,61601.00,1561.12,4555276,N/A,2025-08-18 16:48:03
357,0.016921,N/A,N/A,5.00e-05,61758.07,1696.12,4568845,N/A,2025-08-18 16:48:03
358,0.014425,N/A,N/A,5.00e-05,61541.89,1382.62,4579906,N/A,2025-08-18 16:48:03
359,0.004947,N/A,N/A,5.00e-05,62624.87,1763.12,4594011,N/A,2025-08-18 16:48:03
360,0.019188,N/A,N/A,5.00e-05,62862.40,1688.25,4607517,0.4087,2025-08-18 16:48:04
361,0.011501,N/A,N/A,5.00e-05,62114.54,1541.88,4619852,N/A,2025-08-18 16:48:04
362,0.129921,N/A,N/A,5.00e-05,61973.36,1551.00,4632260,N/A,2025-08-18 16:48:04
363,0.061788,N/A,N/A,5.00e-05,61946.53,1627.00,4645276,N/A,2025-08-18 16:48:04
364,0.709835,N/A,N/A,5.00e-05,62485.96,1632.75,4658338,N/A,2025-08-18 16:48:04
365,0.016273,N/A,N/A,5.00e-05,63011.14,1563.12,4670843,N/A,2025-08-18 16:48:05
366,0.180976,N/A,N/A,5.00e-05,63280.04,1661.25,4684133,N/A,2025-08-18 16:48:05
367,0.047600,N/A,N/A,5.00e-05,62275.04,1550.88,4696540,N/A,2025-08-18 16:48:05
368,0.029553,N/A,N/A,5.00e-05,63200.84,1646.50,4709712,N/A,2025-08-18 16:48:05
369,0.017279,N/A,N/A,5.00e-05,63333.07,1755.25,4723754,N/A,2025-08-18 16:48:06
370,0.185147,N/A,N/A,5.00e-05,62852.28,1791.50,4738086,1.0000,2025-08-18 16:48:06
371,0.080139,N/A,N/A,5.00e-05,63988.74,1840.50,4752810,N/A,2025-08-18 16:48:06
372,0.069691,N/A,N/A,5.00e-05,64401.50,1639.00,4765922,N/A,2025-08-18 16:48:06
373,0.087859,N/A,N/A,5.00e-05,65538.30,1751.12,4779931,N/A,2025-08-18 16:48:07
374,0.115065,N/A,N/A,5.00e-05,65415.42,1458.38,4791598,N/A,2025-08-18 16:48:07
375,0.017080,N/A,N/A,5.00e-05,66234.01,1634.75,4804676,N/A,2025-08-18 16:48:07
376,0.057979,N/A,N/A,5.00e-05,67529.02,1773.75,4818866,N/A,2025-08-18 16:48:07
377,0.040741,N/A,N/A,5.00e-05,68210.28,1517.12,4831003,N/A,2025-08-18 16:48:07
378,0.092856,N/A,N/A,5.00e-05,68167.12,1495.62,4842968,N/A,2025-08-18 16:48:08
379,0.415000,N/A,N/A,5.00e-05,68197.24,1406.88,4854223,N/A,2025-08-18 16:48:08
380,0.033594,N/A,N/A,5.00e-05,67664.71,1622.12,4867200,0.6823,2025-08-18 16:48:08
381,0.029085,N/A,N/A,5.00e-05,67274.31,1641.12,4880329,N/A,2025-08-18 16:48:08
382,0.072048,N/A,N/A,5.00e-05,67903.38,1778.00,4894553,N/A,2025-08-18 16:48:08
383,0.032232,N/A,N/A,5.00e-05,67411.24,1636.38,4907644,N/A,2025-08-18 16:48:09
384,0.158021,N/A,N/A,5.00e-05,67476.94,1503.12,4919669,N/A,2025-08-18 16:48:09
385,0.097481,N/A,N/A,5.00e-05,67936.51,1770.50,4933833,N/A,2025-08-18 16:48:09
386,0.013353,N/A,N/A,5.00e-05,67122.35,1580.38,4946476,N/A,2025-08-18 16:48:09
387,0.099836,N/A,N/A,5.00e-05,67551.06,1594.12,4959229,N/A,2025-08-18 16:48:09
388,0.054917,N/A,N/A,5.00e-05,67738.51,1539.88,4971548,N/A,2025-08-18 16:48:10
389,0.032060,N/A,N/A,5.00e-05,70454.89,1918.62,4986897,N/A,2025-08-18 16:48:10
390,0.115511,N/A,N/A,5.00e-05,69962.23,1608.12,4999762,1.0000,2025-08-18 16:48:10
391,0.044753,N/A,N/A,5.00e-05,69334.25,1486.62,5011655,N/A,2025-08-18 16:48:10
392,0.041135,N/A,N/A,5.00e-05,67456.88,1320.12,5022216,N/A,2025-08-18 16:48:11
393,0.036443,N/A,N/A,5.00e-05,67645.84,1655.62,5035461,N/A,2025-08-18 16:48:11
394,0.003442,N/A,N/A,5.00e-05,68496.43,1670.38,5048824,N/A,2025-08-18 16:48:11
395,0.100968,N/A,N/A,5.00e-05,67952.59,1624.12,5061817,N/A,2025-08-18 16:48:11
396,0.031924,N/A,N/A,5.00e-05,68094.07,1571.88,5074392,N/A,2025-08-18 16:48:11
397,0.260020,N/A,N/A,5.00e-05,67946.66,1546.12,5086761,N/A,2025-08-18 16:48:12
398,0.016793,N/A,N/A,5.00e-05,69335.61,1820.12,5101322,N/A,2025-08-18 16:48:12
399,0.029442,N/A,N/A,5.00e-05,69266.78,1747.88,5115305,N/A,2025-08-18 16:48:12
400,0.280184,N/A,N/A,5.00e-05,68644.58,1564.12,5127818,1.0000,2025-08-18 16:48:12
401,0.013804,N/A,N/A,5.00e-05,68038.94,1520.12,5139979,N/A,2025-08-18 16:48:12
402,0.059838,N/A,N/A,5.00e-05,69812.14,1718.50,5153727,N/A,2025-08-18 16:48:13
403,0.171458,N/A,N/A,5.00e-05,69526.07,1673.62,5167116,N/A,2025-08-18 16:48:13
404,0.045913,N/A,N/A,5.00e-05,67873.94,1542.50,5179456,N/A,2025-08-18 16:48:13
405,0.024440,N/A,N/A,5.00e-05,67496.59,1777.88,5193679,N/A,2025-08-18 16:48:13
406,0.021968,N/A,N/A,5.00e-05,67690.70,1804.88,5208118,N/A,2025-08-18 16:48:14
407,0.052390,N/A,N/A,5.00e-05,66707.45,1521.50,5220290,N/A,2025-08-18 16:48:14
408,0.033251,N/A,N/A,5.00e-05,64723.55,1515.62,5232415,N/A,2025-08-18 16:48:14
409,0.003935,N/A,N/A,5.00e-05,64137.73,1581.75,5245069,N/A,2025-08-18 16:48:14
410,0.038576,N/A,N/A,5.00e-05,64094.44,1469.50,5256825,0.8091,2025-08-18 16:48:14
411,0.046828,N/A,N/A,5.00e-05,63251.20,1434.25,5268299,N/A,2025-08-18 16:48:15
412,0.546652,N/A,N/A,5.00e-05,62778.26,1659.88,5281578,N/A,2025-08-18 16:48:15
413,0.007210,N/A,N/A,5.00e-05,63549.13,1762.50,5295678,N/A,2025-08-18 16:48:15
414,0.059666,N/A,N/A,5.00e-05,63664.67,1472.50,5307458,N/A,2025-08-18 16:48:15
415,0.215220,N/A,N/A,5.00e-05,63237.82,1674.88,5320857,N/A,2025-08-18 16:48:16
416,0.008297,N/A,N/A,5.00e-05,62971.91,1728.50,5334685,N/A,2025-08-18 16:48:16
417,0.115588,N/A,N/A,5.00e-05,62449.39,1420.88,5346052,N/A,2025-08-18 16:48:16
418,0.058002,N/A,N/A,5.00e-05,63277.38,1808.88,5360523,N/A,2025-08-18 16:48:16
419,0.029650,N/A,N/A,5.00e-05,63474.68,1687.25,5374021,N/A,2025-08-18 16:48:16
420,0.004944,N/A,N/A,5.00e-05,63327.52,1516.12,5386150,0.8718,2025-08-18 16:48:17
421,0.068165,N/A,N/A,5.00e-05,63834.14,1416.75,5397484,N/A,2025-08-18 16:48:17
422,0.137683,N/A,N/A,5.00e-05,64513.89,1822.12,5412061,N/A,2025-08-18 16:48:17
423,0.005333,N/A,N/A,5.00e-05,64524.83,1834.00,5426733,N/A,2025-08-18 16:48:17
424,0.013688,N/A,N/A,5.00e-05,65414.65,1686.62,5440226,N/A,2025-08-18 16:48:18
425,0.007370,N/A,N/A,5.00e-05,65611.70,1684.88,5453705,N/A,2025-08-18 16:48:18
426,0.011346,N/A,N/A,5.00e-05,65149.13,1536.88,5466000,N/A,2025-08-18 16:48:18
427,0.004478,N/A,N/A,5.00e-05,66173.59,1600.12,5478801,N/A,2025-08-18 16:48:18
428,0.004035,N/A,N/A,5.00e-05,64987.71,1499.38,5490796,N/A,2025-08-18 16:48:18
429,0.037795,N/A,N/A,5.00e-05,65048.52,1645.88,5503963,N/A,2025-08-18 16:48:19
430,0.008417,N/A,N/A,5.00e-05,64248.35,1547.62,5516344,0.7035,2025-08-18 16:48:19
431,0.335787,N/A,N/A,5.00e-05,64814.92,1533.25,5528610,N/A,2025-08-18 16:48:19
432,0.038890,N/A,N/A,5.00e-05,64434.27,1637.62,5541711,N/A,2025-08-18 16:48:19
433,0.187018,N/A,N/A,5.00e-05,63920.60,1597.62,5554492,N/A,2025-08-18 16:48:20
434,0.105854,N/A,N/A,5.00e-05,63754.94,1570.62,5567057,N/A,2025-08-18 16:48:20
435,0.227198,N/A,N/A,5.00e-05,63498.95,1648.50,5580245,N/A,2025-08-18 16:48:20
436,0.052979,N/A,N/A,5.00e-05,64095.53,1611.88,5593140,N/A,2025-08-18 16:48:20
437,0.003875,N/A,N/A,5.00e-05,64779.29,1703.88,5606771,N/A,2025-08-18 16:48:20
438,0.334823,N/A,N/A,5.00e-05,64964.35,1484.12,5618644,N/A,2025-08-18 16:48:21
439,0.026008,N/A,N/A,5.00e-05,65248.28,1500.50,5630648,N/A,2025-08-18 16:48:21
440,0.227882,N/A,N/A,5.00e-05,65319.57,1578.75,5643278,0.6163,2025-08-18 16:48:21
441,0.015336,N/A,N/A,5.00e-05,65588.42,1466.50,5655010,N/A,2025-08-18 16:48:21
442,0.020277,N/A,N/A,5.00e-05,66056.52,1651.00,5668218,N/A,2025-08-18 16:48:22
443,0.008132,N/A,N/A,5.00e-05,66708.79,1660.75,5681504,N/A,2025-08-18 16:48:22
444,0.008077,N/A,N/A,5.00e-05,66534.85,1374.75,5692502,N/A,2025-08-18 16:48:22
445,0.162477,N/A,N/A,5.00e-05,66691.15,1655.25,5705744,N/A,2025-08-18 16:48:22
446,0.007951,N/A,N/A,5.00e-05,67361.31,1641.62,5718877,N/A,2025-08-18 16:48:22
447,0.009115,N/A,N/A,5.00e-05,66767.20,1431.12,5730326,N/A,2025-08-18 16:48:23
448,0.018541,N/A,N/A,5.00e-05,66802.41,1425.75,5741732,N/A,2025-08-18 16:48:23
449,0.084530,N/A,N/A,5.00e-05,67840.18,1609.25,5754606,N/A,2025-08-18 16:48:23
450,0.113893,N/A,N/A,5.00e-05,67076.40,1538.62,5766915,0.3107,2025-08-18 16:48:23
451,0.004189,N/A,N/A,5.00e-05,67153.84,1504.38,5778950,N/A,2025-08-18 16:48:23
452,0.253351,N/A,N/A,5.00e-05,66393.13,1555.50,5791394,N/A,2025-08-18 16:48:24
453,0.015189,N/A,N/A,5.00e-05,67046.66,1865.25,5806316,N/A,2025-08-18 16:48:24
454,0.159844,N/A,N/A,5.00e-05,68375.76,1717.12,5820053,N/A,2025-08-18 16:48:24
455,0.006168,N/A,N/A,5.00e-05,66859.47,1376.25,5831063,N/A,2025-08-18 16:48:24
456,0.008746,N/A,N/A,5.00e-05,66504.05,1624.50,5844059,N/A,2025-08-18 16:48:24
457,0.033850,N/A,N/A,5.00e-05,66840.84,1571.75,5856633,N/A,2025-08-18 16:48:25
458,0.006198,N/A,N/A,5.00e-05,66825.16,1452.12,5868250,N/A,2025-08-18 16:48:25
459,0.022635,N/A,N/A,5.00e-05,66165.53,1375.12,5879251,N/A,2025-08-18 16:48:25
460,0.031506,N/A,N/A,5.00e-05,65224.68,1454.88,5890890,1.0000,2025-08-18 16:48:25
461,0.179043,N/A,N/A,5.00e-05,66422.67,1734.75,5904768,N/A,2025-08-18 16:48:25
462,0.047768,N/A,N/A,5.00e-05,67297.41,1725.50,5918572,N/A,2025-08-18 16:48:26
463,0.025375,N/A,N/A,5.00e-05,66088.98,1558.50,5931040,N/A,2025-08-18 16:48:26
464,0.008696,N/A,N/A,5.00e-05,65823.13,1646.38,5944211,N/A,2025-08-18 16:48:26
465,0.049164,N/A,N/A,5.00e-05,67308.90,1685.38,5957694,N/A,2025-08-18 16:48:26
466,0.079529,N/A,N/A,5.00e-05,67258.47,1599.00,5970486,N/A,2025-08-18 16:48:26
467,0.006099,N/A,N/A,5.00e-05,66503.57,1441.50,5982018,N/A,2025-08-18 16:48:27
468,0.458450,N/A,N/A,5.00e-05,66448.44,1377.38,5993037,N/A,2025-08-18 16:48:27
469,0.017983,N/A,N/A,5.00e-05,67747.86,1450.62,6004642,N/A,2025-08-18 16:48:27
470,0.014432,N/A,N/A,5.00e-05,68211.51,1562.50,6017142,1.0000,2025-08-18 16:48:27
471,0.008014,N/A,N/A,5.00e-05,67509.89,1537.12,6029439,N/A,2025-08-18 16:48:28
472,0.018872,N/A,N/A,5.00e-05,66919.27,1487.12,6041336,N/A,2025-08-18 16:48:28
473,0.018530,N/A,N/A,5.00e-05,67982.95,1702.25,6054954,N/A,2025-08-18 16:48:28
474,0.008530,N/A,N/A,5.00e-05,67521.37,1497.25,6066932,N/A,2025-08-18 16:48:28
475,0.020671,N/A,N/A,5.00e-05,67052.51,1441.25,6078462,N/A,2025-08-18 16:48:28
476,0.014568,N/A,N/A,5.00e-05,67168.97,1469.62,6090219,N/A,2025-08-18 16:48:28
477,0.017893,N/A,N/A,5.00e-05,67918.94,1551.12,6102628,N/A,2025-08-18 16:48:29
478,0.012618,N/A,N/A,5.00e-05,68466.50,1488.38,6114535,N/A,2025-08-18 16:48:29
479,0.039104,N/A,N/A,5.00e-05,69391.23,1561.62,6127028,N/A,2025-08-18 16:48:29
480,0.156154,N/A,N/A,5.00e-05,69725.22,1669.75,6140386,1.0000,2025-08-18 16:48:29
481,0.013755,N/A,N/A,5.00e-05,69643.20,1528.88,6152617,N/A,2025-08-18 16:48:29
482,0.009559,N/A,N/A,5.00e-05,70482.27,1695.75,6166183,N/A,2025-08-18 16:48:30
483,0.006932,N/A,N/A,5.00e-05,69714.06,1534.00,6178455,N/A,2025-08-18 16:48:30
484,0.040206,N/A,N/A,5.00e-05,69595.73,1554.38,6190890,N/A,2025-08-18 16:48:30
485,0.017201,N/A,N/A,5.00e-05,70245.80,1675.00,6204290,N/A,2025-08-18 16:48:30
486,0.014951,N/A,N/A,5.00e-05,70866.72,1638.62,6217399,N/A,2025-08-18 16:48:30
487,0.009659,N/A,N/A,5.00e-05,70925.13,1599.12,6230192,N/A,2025-08-18 16:48:31
488,0.012326,N/A,N/A,5.00e-05,71851.10,1741.00,6244120,N/A,2025-08-18 16:48:31
489,0.011055,N/A,N/A,5.00e-05,71632.14,1461.00,6255808,N/A,2025-08-18 16:48:31
490,0.009553,N/A,N/A,5.00e-05,70819.02,1706.75,6269462,0.9588,2025-08-18 16:48:31
491,0.007405,N/A,N/A,5.00e-05,70094.95,1346.00,6280230,N/A,2025-08-18 16:48:31
492,0.009755,N/A,N/A,5.00e-05,68850.08,1415.62,6291555,N/A,2025-08-18 16:48:32
493,0.010273,N/A,N/A,5.00e-05,70071.35,1810.88,6306042,N/A,2025-08-18 16:48:32
494,0.017885,N/A,N/A,5.00e-05,70325.38,1582.50,6318702,N/A,2025-08-18 16:48:32
495,0.008241,N/A,N/A,5.00e-05,70548.37,1723.50,6332490,N/A,2025-08-18 16:48:32
496,0.004897,N/A,N/A,5.00e-05,69967.84,1511.12,6344579,N/A,2025-08-18 16:48:32
497,0.003124,N/A,N/A,5.00e-05,69432.56,1482.75,6356441,N/A,2025-08-18 16:48:33
498,0.041314,N/A,N/A,5.00e-05,68767.18,1542.00,6368777,N/A,2025-08-18 16:48:33
499,0.034612,N/A,N/A,5.00e-05,69646.19,1489.25,6380691,N/A,2025-08-18 16:48:33
500,0.016131,N/A,N/A,5.00e-05,68262.92,1530.75,6392937,1.0000,2025-08-18 16:48:33
501,0.004611,N/A,N/A,5.00e-05,69694.29,1757.75,6406999,N/A,2025-08-18 16:48:34
502,0.010657,N/A,N/A,5.00e-05,69463.96,1339.50,6417715,N/A,2025-08-18 16:48:34
503,0.017171,N/A,N/A,5.00e-05,68642.90,1608.38,6430582,N/A,2025-08-18 16:48:34
504,0.009558,N/A,N/A,5.00e-05,69242.38,1749.50,6444578,N/A,2025-08-18 16:48:34
505,0.014587,N/A,N/A,5.00e-05,69122.48,1675.25,6457980,N/A,2025-08-18 16:48:34
506,0.136111,N/A,N/A,5.00e-05,70115.28,1708.88,6471651,N/A,2025-08-18 16:48:35
507,0.023188,N/A,N/A,5.00e-05,70023.39,1466.38,6483382,N/A,2025-08-18 16:48:35
508,0.004822,N/A,N/A,5.00e-05,70906.69,1709.88,6497061,N/A,2025-08-18 16:48:35
509,0.011486,N/A,N/A,5.00e-05,72227.32,1639.38,6510176,N/A,2025-08-18 16:48:35
510,0.013646,N/A,N/A,5.00e-05,72995.40,1664.25,6523490,0.5906,2025-08-18 16:48:35
511,0.107501,N/A,N/A,5.00e-05,72470.50,1642.50,6536630,N/A,2025-08-18 16:48:36
512,0.015626,N/A,N/A,5.00e-05,73597.78,1573.25,6549216,N/A,2025-08-18 16:48:36
513,0.006136,N/A,N/A,5.00e-05,73325.79,1503.62,6561245,N/A,2025-08-18 16:48:36
514,0.010556,N/A,N/A,5.00e-05,72165.95,1486.00,6573133,N/A,2025-08-18 16:48:36
515,0.005273,N/A,N/A,5.00e-05,73003.61,1853.62,6587962,N/A,2025-08-18 16:48:36
516,0.043860,N/A,N/A,5.00e-05,71839.55,1431.62,6599415,N/A,2025-08-18 16:48:36
517,0.208908,N/A,N/A,5.00e-05,72632.80,1638.75,6612525,N/A,2025-08-18 16:48:37
518,0.024037,N/A,N/A,5.00e-05,71742.66,1582.00,6625181,N/A,2025-08-18 16:48:37
519,0.014297,N/A,N/A,5.00e-05,70712.45,1360.50,6636065,N/A,2025-08-18 16:48:37
520,0.009094,N/A,N/A,5.00e-05,69695.71,1555.12,6648506,1.0000,2025-08-18 16:48:37
521,0.122036,N/A,N/A,5.00e-05,69059.96,1556.00,6660954,N/A,2025-08-18 16:48:37
522,0.018571,N/A,N/A,5.00e-05,69594.29,1693.38,6674501,N/A,2025-08-18 16:48:38
523,0.067142,N/A,N/A,5.00e-05,69249.77,1458.00,6686165,N/A,2025-08-18 16:48:38
524,0.028477,N/A,N/A,5.00e-05,69097.25,1479.00,6697997,N/A,2025-08-18 16:48:38
525,0.064075,N/A,N/A,5.00e-05,68207.75,1686.00,6711485,N/A,2025-08-18 16:48:38
526,0.210478,N/A,N/A,5.00e-05,69275.58,1696.50,6725057,N/A,2025-08-18 16:48:38
527,0.033517,N/A,N/A,5.00e-05,69175.03,1583.12,6737722,N/A,2025-08-18 16:48:39
528,0.033353,N/A,N/A,5.00e-05,68941.73,1479.62,6749559,N/A,2025-08-18 16:48:39
529,0.006630,N/A,N/A,5.00e-05,69688.31,1379.12,6760592,N/A,2025-08-18 16:48:39
530,0.074166,N/A,N/A,5.00e-05,69585.85,1571.00,6773160,0.4142,2025-08-18 16:48:39
531,0.151110,N/A,N/A,5.00e-05,70529.59,1705.00,6786800,N/A,2025-08-18 16:48:39
532,0.011302,N/A,N/A,5.00e-05,70667.12,1607.50,6799660,N/A,2025-08-18 16:48:40
533,0.015315,N/A,N/A,5.00e-05,71585.94,1557.25,6812118,N/A,2025-08-18 16:48:40
534,0.031577,N/A,N/A,5.00e-05,72849.98,1649.50,6825314,N/A,2025-08-18 16:48:40
535,0.218358,N/A,N/A,5.00e-05,72760.47,1571.00,6837882,N/A,2025-08-18 16:48:40
536,0.008468,N/A,N/A,5.00e-05,72137.45,1471.00,6849650,N/A,2025-08-18 16:48:40
537,0.150464,N/A,N/A,5.00e-05,72489.25,1610.00,6862530,N/A,2025-08-18 16:48:41
538,0.011952,N/A,N/A,5.00e-05,73222.52,1658.00,6875794,N/A,2025-08-18 16:48:41
539,0.047275,N/A,N/A,5.00e-05,75085.74,1664.62,6889111,N/A,2025-08-18 16:48:41
540,0.024927,N/A,N/A,5.00e-05,75300.45,1786.38,6903402,1.0000,2025-08-18 16:48:41
541,0.003559,N/A,N/A,5.00e-05,73967.57,1543.50,6915750,N/A,2025-08-18 16:48:41
542,0.028190,N/A,N/A,5.00e-05,72679.94,1393.12,6926895,N/A,2025-08-18 16:48:42
543,0.010938,N/A,N/A,5.00e-05,72613.12,1645.25,6940057,N/A,2025-08-18 16:48:42
544,0.087719,N/A,N/A,5.00e-05,72314.70,1679.00,6953489,N/A,2025-08-18 16:48:42
545,0.080438,N/A,N/A,5.00e-05,72549.42,1687.62,6966990,N/A,2025-08-18 16:48:42
546,0.015205,N/A,N/A,5.00e-05,73284.50,1724.25,6980784,N/A,2025-08-18 16:48:42
547,0.018909,N/A,N/A,5.00e-05,72743.37,1508.88,6992855,N/A,2025-08-18 16:48:43
548,0.087480,N/A,N/A,5.00e-05,72346.99,1586.62,7005548,N/A,2025-08-18 16:48:43
549,0.009164,N/A,N/A,5.00e-05,72135.92,1542.38,7017887,N/A,2025-08-18 16:48:43
550,0.061728,N/A,N/A,5.00e-05,71203.58,1679.00,7031319,1.0000,2025-08-18 16:48:43
551,0.004629,N/A,N/A,5.00e-05,71609.05,1675.25,7044721,N/A,2025-08-18 16:48:43
552,0.039965,N/A,N/A,5.00e-05,72147.66,1516.88,7056856,N/A,2025-08-18 16:48:44
553,0.141253,N/A,N/A,5.00e-05,72541.53,1710.25,7070538,N/A,2025-08-18 16:48:44
554,0.009773,N/A,N/A,5.00e-05,72286.06,1659.12,7083811,N/A,2025-08-18 16:48:44
555,0.003338,N/A,N/A,5.00e-05,72959.92,1813.62,7098320,N/A,2025-08-18 16:48:44
556,0.014836,N/A,N/A,5.00e-05,72608.75,1667.75,7111662,N/A,2025-08-18 16:48:44
557,0.013690,N/A,N/A,5.00e-05,72167.52,1416.75,7122996,N/A,2025-08-18 16:48:45
558,0.070810,N/A,N/A,5.00e-05,72084.24,1542.50,7135336,N/A,2025-08-18 16:48:45
559,0.012683,N/A,N/A,5.00e-05,72772.42,1565.62,7147861,N/A,2025-08-18 16:48:45
560,0.004716,N/A,N/A,5.00e-05,72392.00,1719.38,7161616,0.5031,2025-08-18 16:48:45
561,0.008217,N/A,N/A,5.00e-05,72654.52,1734.12,7175489,N/A,2025-08-18 16:48:45
562,0.001925,N/A,N/A,5.00e-05,72547.12,1528.12,7187714,N/A,2025-08-18 16:48:46
563,0.008503,N/A,N/A,5.00e-05,72597.48,1678.00,7201138,N/A,2025-08-18 16:48:46
564,0.238988,N/A,N/A,5.00e-05,72350.62,1607.12,7213995,N/A,2025-08-18 16:48:46
565,0.076213,N/A,N/A,5.00e-05,71177.70,1582.50,7226655,N/A,2025-08-18 16:48:46
566,0.004610,N/A,N/A,5.00e-05,70985.35,1623.25,7239641,N/A,2025-08-18 16:48:46
567,0.002419,N/A,N/A,5.00e-05,71028.46,1414.38,7250956,N/A,2025-08-18 16:48:47
568,0.007529,N/A,N/A,5.00e-05,71762.90,1696.25,7264526,N/A,2025-08-18 16:48:47
569,0.140312,N/A,N/A,5.00e-05,72844.65,1650.50,7277730,N/A,2025-08-18 16:48:47
570,0.004510,N/A,N/A,5.00e-05,71460.17,1584.62,7290407,0.6093,2025-08-18 16:48:47
571,0.007104,N/A,N/A,5.00e-05,70976.13,1606.62,7303260,N/A,2025-08-18 16:48:47
572,0.005330,N/A,N/A,5.00e-05,71792.69,1711.38,7316951,N/A,2025-08-18 16:48:48
573,0.143973,N/A,N/A,5.00e-05,71662.90,1680.25,7330393,N/A,2025-08-18 16:48:48
574,0.069080,N/A,N/A,5.00e-05,71784.97,1573.62,7342982,N/A,2025-08-18 16:48:48
575,0.026887,N/A,N/A,5.00e-05,71829.59,1592.12,7355719,N/A,2025-08-18 16:48:48
576,0.006213,N/A,N/A,5.00e-05,71332.09,1524.88,7367918,N/A,2025-08-18 16:48:48
577,0.006386,N/A,N/A,5.00e-05,72695.23,1704.25,7381552,N/A,2025-08-18 16:48:49
578,0.014567,N/A,N/A,5.00e-05,72316.24,1612.75,7394454,N/A,2025-08-18 16:48:49
579,0.004554,N/A,N/A,5.00e-05,71939.35,1390.00,7405574,N/A,2025-08-18 16:48:49
580,0.003836,N/A,N/A,5.00e-05,72035.42,1698.88,7419165,0.5505,2025-08-18 16:48:49
581,0.030837,N/A,N/A,5.00e-05,71295.45,1459.75,7430843,N/A,2025-08-18 16:48:49
582,0.006892,N/A,N/A,5.00e-05,71171.42,1628.50,7443871,N/A,2025-08-18 16:48:50
583,0.082268,N/A,N/A,5.00e-05,70367.65,1677.25,7457289,N/A,2025-08-18 16:48:50
584,0.040943,N/A,N/A,5.00e-05,70584.47,1638.12,7470394,N/A,2025-08-18 16:48:50
585,0.002267,N/A,N/A,5.00e-05,70172.00,1497.50,7482374,N/A,2025-08-18 16:48:50
586,0.004595,N/A,N/A,5.00e-05,69749.89,1435.50,7493858,N/A,2025-08-18 16:48:50
587,0.059303,N/A,N/A,5.00e-05,69696.79,1679.38,7507293,N/A,2025-08-18 16:48:51
588,0.036254,N/A,N/A,5.00e-05,68720.72,1575.50,7519897,N/A,2025-08-18 16:48:51
589,0.005060,N/A,N/A,5.00e-05,70284.93,1672.25,7533275,N/A,2025-08-18 16:48:51
590,0.007077,N/A,N/A,5.00e-05,69091.28,1514.62,7545392,0.5282,2025-08-18 16:48:51
591,0.036057,N/A,N/A,5.00e-05,68720.55,1445.75,7556958,N/A,2025-08-18 16:48:51
592,0.004696,N/A,N/A,5.00e-05,68303.45,1621.12,7569927,N/A,2025-08-18 16:48:52
593,0.012969,N/A,N/A,5.00e-05,67635.44,1638.62,7583036,N/A,2025-08-18 16:48:52
594,0.147203,N/A,N/A,5.00e-05,67763.00,1791.88,7597371,N/A,2025-08-18 16:48:52
595,0.025872,N/A,N/A,5.00e-05,67884.17,1677.88,7610794,N/A,2025-08-18 16:48:52
596,0.008182,N/A,N/A,5.00e-05,67885.54,1648.00,7623978,N/A,2025-08-18 16:48:53
597,0.019443,N/A,N/A,5.00e-05,67400.82,1512.38,7636077,N/A,2025-08-18 16:48:53
598,0.013833,N/A,N/A,5.00e-05,65742.17,1325.88,7646684,N/A,2025-08-18 16:48:53
599,0.011341,N/A,N/A,5.00e-05,65224.61,1646.25,7659854,N/A,2025-08-18 16:48:53
600,0.014651,N/A,N/A,5.00e-05,64669.60,1571.00,7672422,0.4806,2025-08-18 16:48:53
